ticker,stock_name,headquarters,cagr_2023,cagr_2022,cagr_2021,cagr_2020,cagr_2019,cagr_2018,cagr_2017,cagr_2016,cagr_2015
A,Agilent Technologies,"Santa Clara, California",-8.5088,-5.8805,34.2273,37.9395,28.2857,0.0593,45.8088,10.9596,1.5299
AAL,American Airlines Group,"Fort Worth, Texas",6.4291,-30.2249,13.3123,-45.5832,-8.8366,-38.6394,10.0465,13.0782,-21.9786
AAPL,Apple Inc.,"Cupertino, California",47.7817,-26.9358,32.9913,79.1656,89.5862,-7.299,46.1399,12.874,-5.5032
ABBV,AbbVie,"North Chicago, Illinois",-4.3631,19.3486,26.3295,20.2851,-2.9592,-5.0957,53.7031,7.8539,-9.4743
ABNB,Airbnb,"San Francisco, California",55.7933,-48.2749,10.2656,0,0,0,0,0,0
ABT,Abbott,"North Chicago, Illinois",-0.3982,-21.258,28.4945,27.2252,23.3982,24.2784,47.7349,-12.5853,-0.7514
ACGL,Arch Capital Group,"Hamilton, Bermuda",18.6232,41.0786,22.9599,-16.1358,62.6469,-12.1149,4.5376,25.3851,17.8209
ACN,Accenture,"Dublin, Ireland",30.3529,-35.6485,58.8314,23.8784,51.5655,-8.1368,30.4226,14.1395,16.5384
ADBE,Adobe Inc.,"San Jose, California",75.388,-40.6106,13.344,51.5515,49.975,28.6551,69.4286,12.1826,29.216
ADI,Analog Devices,"Wilmington, Massachusetts",19.9251,-6.3595,18.4035,22.9956,41.4257,-3.8212,22.6309,33.8864,-0.6466
ADM,Archer-Daniels-Midland,"Chicago, Illinois",-22.1348,37.3521,34.1071,8.2457,14.247,1.9154,-12.2784,26.4193,-29.7318
ADP,Automatic Data Processing,"Roseland, New Jersey",-3.2476,-2.53,40.1262,2.4657,32.0068,13.0053,14.4657,23.9358,2.0969
ADSK,Autodesk,"San Francisco, California",27.7306,-33.4343,-7.5367,65.7565,46.3115,22.0904,40.504,23.3295,1.4485
AEE,Ameren,"St. Louis, Missouri",-18.71,-0.3697,14.6445,1.4557,18.0267,10.5968,12.1696,21.6323,-6.6105
AEP,American Electric Power,"Columbus, Ohio",-14.4152,7.1308,6.7683,-11.8836,26.672,2.1317,16.7592,8.8897,-4.2871
AES,AES Corporation,"Arlington, Virginia",-33.1597,17.8206,2.4884,17.6765,39.4534,33.0267,-7.1979,23.0932,-30.9524
AFL,Aflac,"Columbus, Georgia",14.6152,22.7017,30.9193,-16.1576,18.6365,3.1236,25.239,18.3875,-2.6016
AIG,American International Group,"New York City, New York",6.777,10.5981,51.0226,-26.6847,31.9537,-34.3167,-9.6588,7.6657,9.6232
AIZ,Assurant,"Atlanta, Georgia",34.2336,-20.0333,14.4262,3.5736,48.4317,-11.8297,7.689,17.6336,17.5423
AJG,Arthur J. Gallagher & Co.,"Rolling Meadows, Illinois",19.148,11.371,37.2291,29.3902,31.0625,15.9717,21.6923,28.6139,-13.3545
AKAM,Akamai,"Cambridge, Massachusetts",39.2353,-28.0533,11.2865,20.9005,46.7301,-6.2183,-3.315,28.7259,-17.092
ALB,Albemarle Corporation,"Charlotte, North Carolina",-34.0726,-8.3935,52.8908,100.7075,-3.6412,-40.2234,46.747,56.5945,-7.2221
ALGN,Align Technology,"Tempe, Arizona",27.1698,-67.8653,19.5721,90.0356,35.9049,-5.9207,130.2726,47.9151,15.0419
ALL,Allstate,"Northbrook, Illinois",3.2758,15.1592,7.0519,-2.691,38.0771,-20.6015,41.5,21.7477,-12.0414
ALLE,Allegion,"Dublin, Ireland",17.5777,-20.3662,13.7605,-6.7393,58.3471,-0.4496,23.0817,-1.3563,18.7962
AMAT,Applied Materials,"Santa Clara, California",62.4436,-38.2655,80.376,39.1936,90.5119,-36.6486,57.9728,76.2425,-25.2901
AMCR,Amcor,"Warmley, Bristol, United Kingdom",-19.0596,-0.9151,2.6496,8.1802,16.5591,-21.1864,11.0066,10.1554,-13.8393
AMD,Advanced Micro Devices,"Santa Clara, California",123.3485,-55.3741,56.2262,95.7106,154.6363,77.1593,-9.9825,309.3863,7.4906
AME,Ametek,"Berwyn, Pennsylvania",17.6273,-5.1138,21.4203,20.7589,49.4456,-7.1203,47.7773,-8.059,1.5732
AMGN,Amgen,"Thousand Oaks, California",10.4075,17.444,-2.7157,-5.3827,25.2182,11.018,17.6112,-8.044,1.3549
AMP,Ameriprise Financial,"Minneapolis, Minnesota",21.1579,2.5323,54.4598,15.9902,61.0402,-38.8361,49.8144,6.7449,-19.9729
AMT,American Tower,"Boston, Massachusetts",0.8785,-27.537,29.3847,-2.2727,46.2797,10.4987,33.6738,9.7518,-2.2287
AMZN,Amazon,"Seattle, Washington",77.7908,-49.8657,1.9676,73.7029,26.1152,28.1544,54.2999,14.2589,116.2294
ANET,Arista Networks,"Santa Clara, California",91.6117,-15.7818,97.7576,41.2729,-0.7805,-10.5612,141.5214,24.3031,28.1106
ANSS,Ansys,"Canonsburg, Pennsylvania",47.9512,-39.4435,10.6996,41.5509,83.6151,-3.5167,58.4944,1.1926,12.6812
AON,Aon,"London, UK",-3.3317,-0.0133,42.4185,0.9895,45.0689,8.2756,19.5468,22.9523,-3.4349
AOS,A. O. Smith,"Milwaukee, Wisconsin",42.4819,-33.3178,56.947,14.4229,12.8643,-30.5126,28.4696,25.4803,35.3055
APA,APA Corporation,"Houston, Texas",-21.813,72.3781,83.5495,-44.786,-0.0781,-38.4525,-34.7551,43.435,-28.4818
APD,Air Products and Chemicals,"Allentown, Pennsylvania",-11.6945,1.2282,10.4833,16.1403,49.3043,-2.9294,14.2937,21.2615,-9.2614
APH,Amphenol,"Wallingford, Connecticut",29.227,-13.2802,33.6083,20.6365,35.8308,-8.4209,29.9393,31.5841,-3.3315
APTV,Aptiv,"Dublin, Ireland",-5.3686,-44.0257,25.5709,35.8036,57.3654,-27.4708,49.1778,-20.2487,16.7665
ARE,Alexandria Real Estate Equities,"Pasadena, California",-13.7736,-34.724,25.0617,10.0599,41.3896,-12.0305,16.7546,23.9322,1.4028
ATO,Atmos Energy,"Dallas, Texas",3.169,6.7333,9.8218,-14.8251,21.2049,7.9018,15.5367,17.6611,12.7325
AVB,AvalonBay Communities,"Arlington, Virginia",15.3543,-36.8841,57.7997,-23.7717,21.5159,-2.5421,0.0617,-2.8517,12.2333
AVGO,Broadcom Inc.,"Palo Alto, California",97.5664,-16.0869,51.4602,37.1195,26.9922,-2.1134,44.0911,24.4246,43.8125
AVY,Avery Dennison,"Mentor, Ohio",11.0769,-16.5168,39.3091,17.9275,47.5857,-21.9887,62.3233,13.8457,20.1995
AWK,American Water Works,"Camden, New Jersey",-14.164,-19.3417,23.0118,24.7724,35.8209,-0.2528,26.4198,21.2466,12.1013
AXON,Axon Enterprise,"Scottsdale, Arizona",53.8778,5.9578,27.6319,65.5363,70.4582,64.9698,8.6066,42.5882,-35.2434
AXP,American Express,"New York City, New York",25.2775,-10.1878,34.8722,-3.0082,32.5631,-4.4219,32.6078,8.7972,-25.3515
AZO,AutoZone,"Memphis, Tennessee",5.9021,18.7096,77.1258,-0.7884,43.2431,16.9984,-10.5847,7.7476,18.8996
BA,Boeing,"Arlington, Virginia",35.092,-6.6225,-4.1333,-34.8471,3.0267,9.0448,88.682,10.1146,10.3151
BAC,Bank of America,"Charlotte, North Carolina",1.3241,-26.5469,46.0604,-14.2574,46.2625,-17.1765,30.6195,34.3465,-6.448
BALL,Ball Corporation,"Broomfield, Colorado",11.581,-46.707,4.9493,44.0854,42.9171,20.6191,-0.0132,4.8317,6.0204
BAX,Baxter International,"Deerfield, Illinois",-23.2937,-40.3999,6.6468,-5.6,26.697,-0.4085,45.6512,17.7377,-4.5861
BBWI,"Bath & Body Works, Inc.","Columbus, Ohio",0.9119,-39.7139,126.8863,103.7808,-27.78,-58.0898,-7.8641,-30.4017,10.1379
BBY,Best Buy,"Richfield, Minnesota",-3.2744,-21.6929,1.9875,12.8974,68.2315,-22.4143,59.0476,42.996,-22.2619
BDX,Becton Dickinson,"Franklin Lakes, New Jersey",-7.169,4.1672,0.1912,-8.0378,22.5256,4.7561,32.1766,9.9124,9.8524
BEN,Franklin Templeton,"San Mateo, California",11.0738,-21.7443,33.96,-2.4209,-11.5123,-32.2367,7.6789,11.055,-34.0734
BG,Bunge Global SA,"Chesterfield, Missouri",1.0005,6.6831,41.6262,13.2251,8.2377,-20.5117,-7.933,7.0539,-24.868
BIIB,Biogen,"Cambridge, Massachusetts",-6.4901,15.3113,-2.3684,-18.1235,-0.0371,-6.2992,11.4583,-5.5803,-10.6434
BIO,Bio-Rad,"Hercules, California",-24.3959,-44.0964,30.0487,56.6706,61.0717,-2.7025,30.4493,33.4505,14.1516
BK,Bank of New York Mellon,"New York City, New York",13.2014,-22.3208,36.6588,-15.8938,8.1203,-13.267,12.1383,17.5974,1.1534
BKNG,Booking Holdings,"Norwalk, Connecticut",73.9831,-16.8271,6.6324,7.6808,21.4327,-1.5811,17.6605,16.7245,11.4467
BKR,Baker Hughes,"Houston, Texas",16.4963,22.5311,13.3836,-18.8084,20.9533,-32.198,-51.5393,41.7012,-17.3975
BLDR,Builders FirstSource,"Irving, Texas",153.1312,-24.7332,107.7818,59.4764,138.3677,-50.4091,94.2068,1.2927,59.6542
BLK,BlackRock,"New York City, New York",12.75,-22.8358,25.3162,41.4784,30.1388,-24.28,33.563,14.2626,-4.8774
BMY,Bristol Myers Squibb,"New York City, New York",-28.4978,15.9175,0.988,-2.8504,25.0292,-15.342,4.2531,-13.358,15.7496
BR,Broadridge Financial Solutions,"Lake Success, New York",52.43,-26.7169,19.1398,22.8647,30.3715,6.0957,36.1696,25.3071,16.173
BRO,Brown & Brown,"Daytona Beach, Florida",24.6232,-19.0767,47.9579,19.6618,45.2004,6.7183,14.254,41.6482,-2.9332
BSX,Boston Scientific,"Marlborough, Massachusetts",24.3761,8.6405,17.7384,-20.989,30.505,41.7001,14.1344,19.1079,38.7509
BWA,BorgWarner,"Auburn Hills, Michigan",-0.1824,-11.4801,15.5938,-12.1818,27.4009,-32.3861,28.0451,-8.7671,-21.7415
BX,Blackstone,"New York City, New York",70.4687,-42.9308,99.0615,15.3203,91.1172,-7.937,16.4364,-5.5885,-13.9494
BXP,"BXP, Inc.","Boston, Massachusetts",2.964,-42.0412,20.8604,-31.6486,23.4199,-13.682,1.8246,0.3991,-1.3917
C,Citigroup,"New York City, New York",12.4372,-26.0706,-1.9484,-23.05,57.6361,-30.6699,22.6269,17.1034,-4.8013
CAG,Conagra Brands,"Chicago, Illinois",-25.9432,13.8235,-6.1813,5.8686,61.9678,-43.3121,-5.1372,21.9039,16.3998
CAH,Cardinal Health,"Dublin, Ohio",31.8336,49.2042,-4.4358,5.1846,14.6419,-27.7148,-14.891,-17.9642,9.9655
CARR,Carrier Global,"Palm Beach Gardens, Florida",36.9814,-22.3895,41.4342,135.75,0,0,0,0,0
CAT,Caterpillar Inc.,"Irving, Texas",22.8478,15.5453,12.9727,22.1611,19.068,-19.7284,67.6383,38.6663,-25.9453
CB,Chubb Limited,"Zurich, Switzerland",2.7273,14.0111,26.8105,-1.2384,21.9428,-11.7744,10.0874,14.867,1.2741
CBOE,Cboe Global Markets,"Chicago, Illinois",41.2323,-3.4029,40.3811,-22.2055,25.0782,-20.7827,70.9711,16.1443,3.0173
CBRE,CBRE Group,"Dallas, Texas",19.285,-29.6205,72.9519,1.3247,55.3612,-8.3333,35.3438,-6.9444,0.2028
CCI,Crown Castle,"Houston, Texas",-15.8644,-35.1005,31.8219,11.8457,32.0851,-1.719,27.2321,1.3195,9.6246
CCL,Carnival,"Miami, Florida",125,-60.7977,-7.2811,-57.8189,3.8619,-26.6587,27.0726,-3.8774,18.667
CDNS,Cadence Design Systems,"San Jose, California",67.2726,-13.4856,36.1312,94.4001,62.626,3.5238,64.4514,26.1,8.6684
CDW,CDW,"Vernon Hills, Illinois",26.7113,-13.032,55.4307,-8.7895,79.2671,16.234,32.8427,25.7909,19.2286
CE,Celanese,"Irving, Texas",50.3484,-39.4671,28.4273,4.8749,38.993,-16.2291,34.8275,18.8708,12.0486
CEG,Constellation Energy,"Baltimore, Maryland",35.9186,81.4947,0,0,0,0,0,0,0
CF,CF Industries,"Deerfield, Illinois",-6.1282,19.0942,81.4872,-19.6721,11.7771,1.5166,32.8545,-21.4179,-25.5917
CFG,Citizens Financial Group,"Providence, Rhode Island",-16.1013,-18.5897,31.1771,-12.1808,37.9884,-29.7993,15.2031,38.5842,4.8859
CHD,Church & Dwight,"Ewing, New Jersey",17.1022,-20.4794,17.789,23.9415,7.9982,31.3361,13.3785,5.4654,7.5656
CHRW,CH Robinson,"Eden Prairie, Minnesota",-5.7803,-16.0924,14.9279,19.5796,-5.407,-6.296,21.2109,19.9214,-17.1409
CHTR,Charter Communications,"Stamford, Connecticut",13.6292,-47.2423,-2.1933,35.7276,73.3109,-15.7965,15.7525,59.4595,9.4899
CI,Cigna,"Bloomfield, Connecticut",-8.5258,44.381,9.7973,1.3584,8.9509,-6.9658,51.6616,-7.8225,41.1907
CINF,Cincinnati Financial,"Fairfield, Ohio",1.0352,-10.4669,29.7313,-17.2789,37.2715,2.7199,-1.6916,30.3562,13.7885
CL,Colgate-Palmolive,"New York City, New York",1.1677,-6.8125,0.6605,24.2156,16.2053,-21.0924,15.0854,0.0612,-3.6866
CLX,Clorox,"Oakland, California",1.6105,-19.3506,-13.6404,31.6469,0.3595,3.5957,23.364,-4.2521,21.9988
CMCSA,Comcast,"Philadelphia, Pennsylvania",25.5009,-30.032,-3.7299,15.5203,34.2789,-16.6667,14.9706,25.204,-2.7069
CME,CME Group,"Chicago, Illinois",25.156,-26.6093,24.7733,-9.4774,7.6477,28.7435,25.7317,29.8986,1.5467
CMG,Chipotle Mexican Grill,"Newport Beach, California",63.3193,-20.2592,26.0745,65.0904,95.6642,48.4325,-23.7609,-19.4965,-30.051
CMI,Cummins,"Columbus, Indiana",-1.4683,10.7814,-4.1901,26.1527,36.3817,-24.7141,27.7685,57.5447,-39.3954
CMS,CMS Energy,"Jackson, Michigan",-8.5512,-2.5392,7.2724,-2.9431,26.8982,4.7689,13.5927,16.1596,3.3811
CNC,Centene Corporation,"St. Louis, Missouri",-9.5,-1.3591,35.9512,-4.684,10.2402,14.4985,76.2712,-12.5368,23.7961
CNP,CenterPoint Energy,"Houston, Texas",-4.4482,7.414,28.7956,-20.8196,-3.1605,-0.5636,14.7249,34.9398,-21.7058
COF,Capital One,"Tysons Corner, Virginia",41.5066,-36.3636,45.4828,-4.4096,38.1528,-24.4704,12.4562,23.2726,-12.8156
COO,Cooper Companies (The),"San Ramon, California",13.3359,-22.7695,14.7781,12.4064,27.7292,16.786,24.021,32.0625,-17.6081
COP,ConocoPhillips,"Houston, Texas",-0.4204,63.8206,78.2222,-38.7408,7.1511,13.1784,8.0087,8.0371,-31.8394
COR,Cencora,"Conshohocken, Pennsylvania",24.6692,24.9887,35.8099,14.1523,15.297,-19.2621,16.9533,-23.5754,14.4576
COST,Costco,"Issaquah, Washington",44.1223,-19.2078,50.412,28.1303,46.5935,8.802,15.8543,0.1877,13.8366
CPAY,Corpay,"Atlanta, Georgia",52.1372,-18.4478,-17.9262,-5.8818,57.1296,-3.6722,33.9575,0.8624,-4.0996
CPB,Campbell Soup Company,"Camden, New Jersey",-23.3918,30.7302,-9.834,-2.2245,50.8547,-31.556,-20.6106,16.4452,19.161
CPRT,Copart,"Dallas, Texas",59.5831,-19.7231,18.5921,39.2232,93.9019,9.7886,55.4156,47.4062,5.2909
CPT,Camden Property Trust,"Houston, Texas",-11.8363,-37.4273,79.074,-6.3104,21.5906,-4.2623,9.3479,9.752,3.7017
CRL,Charles River Laboratories,"Wilmington, Massachusetts",7.2985,-42.1417,49.6287,61.9628,37.5349,3.0689,42.6988,-3.8854,25.8847
CRM,Salesforce,"San Francisco, California",94.6446,-48.006,14.1439,35.7552,21.919,33.1357,47.5393,-11.2523,30.8848
CRWD,CrowdStrike,"Austin, Texas",137.507,-48.639,-2.4814,323.386,-27.8292,0,0,0,0
CSCO,Cisco,"San Jose, California",5.5579,-24.2607,43.0151,-6.8872,13.4342,12.0507,26.1113,14.5131,-2.5126
CSGP,CoStar Group,"Washington, D.C.",11.6234,-2.6087,-15.2211,52.7635,79.7993,13.0913,56.8425,-7.2939,11.9664
CSX,CSX,"Jacksonville, Florida",11.5508,-17.2985,24.4209,24.6224,19.0915,11.6843,52.1715,41.624,-28.1363
CTAS,Cintas,"Mason, Ohio",32.765,2.0979,25.2105,30.979,62.5763,6.8231,33.9091,28.6573,15.3846
CTLT,Catalent,"Somerset, New Jersey",-2.3261,-64.8442,22.1194,84.0644,82.4368,-24.6314,51.6427,9.8167,-10.7347
CTRA,Coterra,"Houston, Texas",5.4545,30,15.2213,-7.0776,-21.2217,-21.0526,24.4561,32.2015,-39.9729
CTSH,Cognizant,"Teaneck, New Jersey",31.0375,-35.5097,8.1951,31.562,-0.768,-10.7926,25.3663,-4.7271,13.4808
CTVA,Corteva,"Indianapolis, Indiana",-18.4063,24.0084,21.6362,29.8893,11.379,0,0,0,0
CVS,CVS Health,"Woonsocket, Rhode Island",-13.9119,-9.3571,50.2038,-8.5064,14.539,-10.3203,-8.8967,-17.9474,1.2951
CVX,Chevron Corporation,"San Ramon, California",-16.2211,52.8615,37.8156,-30.0968,12.2694,-13.4595,5.7527,31.4643,-19.4123
CZR,Caesars Entertainment,"Reno, Nevada",9.201,-55.5033,25.3417,23.2493,68.3319,8.7387,93.8597,56.2212,159.434
D,Dominion Energy,"Richmond, Virginia",-23.3529,-22.0442,4.6629,-9.2664,15.9944,-11.9951,5.8639,14.3646,-12.4515
DAL,Delta Air Lines,"Atlanta, Georgia",20.9925,-17.4164,-2.7135,-31.7665,18.7411,-11.3519,13.4292,-0.4654,1.5425
DAY,Dayforce,"Minneapolis, Minnesota",3.0396,-38.6887,-2.0718,55.7212,101.6637,9.7709,0,0,0
DD,DuPont,"Wilmington, Delaware",11.412,-15.3134,12.6953,9.7377,-14.0648,-25.276,24.5105,13.8253,12.6724
DE,Deere & Company,"Moline, Illinois",-6.5724,24.6395,26.1506,54.4134,18.4846,-4.7871,50.9549,35.9726,-13.79
DECK,Deckers Brands,"Goleta, California",65.2158,8.6919,26.4315,68.9625,34.0265,61.6959,42.5653,20.2823,-48.539
DFS,Discover Financial,"Riverwoods, Illinois",13.7652,-16.3346,25.6224,6.3682,46.4434,-23.6406,5.5144,37.2359,-18.6713
DG,Dollar General,"Goodlettsville, Tennessee",-45.1151,5.0913,12.1665,33.9917,46.4738,15.5195,25.1143,4.4269,1.6549
DGX,Quest Diagnostics,"Secaucus, New Jersey",-11.621,-9.1943,44.175,11.6242,29.7097,-15.693,6.1772,30.9117,4.0211
DHI,DR Horton,"Arlington, Texas",67.6743,-17.3941,56.6291,30.1605,54.4656,-32.5287,84.3017,-13.5127,25.7064
DHR,Danaher Corporation,"Washington, D.C.",-2.561,-18.8616,46.2332,44.2842,50.9738,10.6675,18.3325,12.7509,7.9874
DIS,Walt Disney Company (The),"Burbank, California",1.4722,-44.2469,-15.017,24.7023,33.7928,0.6425,2.0988,1.0667,10.7154
DLR,Digital Realty,"Austin, Texas",32.5911,-43.3054,26.3447,16.2486,13.4761,-6.5679,15.1785,31.2584,13.9714
DLTR,Dollar Tree,"Chesapeake, Virginia",0.3036,0.6547,30.5584,14.0986,4.7327,-16.3626,38.3396,0.4425,8.8525
DOC,Healthpeak,"Denver, Colorado",-23.2558,-30.6117,19.6221,-12.6301,24.6204,7.0936,-12.7175,-13.2113,-13.6405
DOV,Dover Corporation,"Downers Grove, Illinois",13.1871,-25.4514,43.8758,8.6957,65.1763,-13.4193,32.3418,24.6341,-15.0125
DOW,Dow Inc.,"Midland, Michigan",8.3795,-11.9056,1.6123,0.4889,4.6463,0,0,0,0
DPZ,Domino's,"Ann Arbor, Michigan",17.4846,-38.4484,47.3447,30.5218,19.6221,31.5457,18.6786,44.8163,17.9745
DRI,Darden Restaurants,"Orlando, Florida",17.5755,-7.9028,25.659,8.4882,9.8227,3.1825,31.1749,15.6489,20.6672
DTE,DTE Energy,"Detroit, Michigan",-6.3609,-1.8539,15.4051,-6.6077,17.8708,0.5653,10.8568,23.9119,-7.6471
DUK,Duke Energy,"Charlotte, North Carolina",-5.969,-1.8301,14.2951,0.3067,5.9227,2.3968,8.3194,9.4318,-14.5439
DVA,DaVita Inc.,"Denver, Colorado",39.7918,-34.5402,-3.2324,55.9926,46.543,-28.7948,11.6003,-6.6996,-8.0828
DVN,Devon Energy,"Oklahoma City, Oklahoma",-25.4075,39.3521,175.3125,-39.6795,18.3683,-46.0637,-11.5762,43.7067,-47.2208
DXCM,Dexcom,"San Diego, California",8.5652,-14.8251,46.6796,69.1618,86.9413,107.9139,-3.5462,-25.6353,47.2492
EA,Electronic Arts,"Redwood City, California",10.6967,-7.3903,-8.0452,33.0369,39.2256,-25.6618,32.1177,17.2373,45.6241
EBAY,eBay,"San Jose, California",3.6597,-37.5922,31.7353,38.0115,30.5967,-26.4606,26.5169,9.5168,15.8079
ECL,Ecolab,"Saint Paul, Minnesota",34.8861,-37.9751,7.6101,11.7216,32.6392,9.7988,13.5963,3.8264,9.2559
ED,Consolidated Edison,"New York City, New York",-4.7035,11.6696,18.0573,-20.1877,18.5404,-9.7817,15.2333,15.3955,-2.7685
EFX,Equifax,"Atlanta, Georgia",24.7113,-33.618,51.3439,37.0868,53.4049,-21.1898,-0.565,7.56,36.8686
EG,Everest Re,"Hamilton, Bermuda",6.8896,20.6153,16.5617,-15.7647,29.0449,-2.1919,1.5839,19.104,7.4472
EIX,Edison International,"Rosemead, California",11.6857,-6.9066,8.7476,-15.9149,34.2293,-10.7811,-11.8729,22.9128,-8.9217
EL,Estée Lauder Companies (The),"New York City, New York",-42.9112,-32.6685,41.8119,28.8806,58.9992,1.9273,64.6906,-12.0097,15.0359
ELV,Elevance Health,"Indianapolis, Indiana",-7.2973,11.0806,44.3555,6.0858,16.8801,16.7244,55.6732,4.4385,10.0987
EMN,Eastman Chemical Company,"Kingsport, Tennessee",10.3982,-32.9712,19.5235,24.7264,9.9917,-21.7489,22.1519,13.0977,-11.2061
EMR,Emerson Electric,"Ferguson, Missouri",0.7557,2.9582,15.376,4.9628,29.6939,-14.716,23.8933,16.5586,-22.6552
ENPH,Enphase,"Fremont, California",-50.9084,43.0438,2.3727,565.4152,464.3628,97.9079,136.2745,-70.5539,-75.4545
EOG,EOG Resources,"Houston, Texas",-5.5078,46.632,75,-40.8563,-2.2181,-19.7479,5.1447,42.7966,-22.2173
EPAM,EPAM Systems,"Newtown, Pennsylvania",-11.1835,-51.1069,86.1926,67.3594,86.4487,7.7959,66.0946,-17.5196,64.5803
EQIX,Equinix,"Redwood City, California",21.4217,-22.544,17.7493,22.3099,67.1152,-22.2631,26.8493,19.236,32.3356
EQR,Equity Residential,"Chicago, Illinois",2.8937,-35.0077,52.4082,-27.1028,23.6931,3.189,-1.6957,-20.3367,12.8805
EQT,EQT Corporation,"Pittsburgh, Pennsylvania",18.3349,55.1123,68.1573,15.8614,-41.1447,-39.6611,-11.6286,26.3768,-31.552
ES,Eversource,"Hartford, Connecticut",-26.9672,-7.543,4.985,1.7406,31.018,2.944,14.3529,9.0424,-4.5956
ESS,Essex Property Trust,"San Mateo, California",17.0798,-39.9473,48.4637,-21.4439,23.6326,1.3432,3.2378,-2.4953,15.2007
ETN,Eaton Corporation,"Dublin, Ireland",52.3406,-9.4815,43.6575,26.1445,39.8701,-13.3409,16.896,28.9201,-23.907
ETR,Entergy,"New Orleans, Louisiana",-9.1733,-0.1332,12.8531,-16.682,39.8716,5.3359,10.7347,8.1873,-21.8564
ETSY,Etsy,"New York City, New York",-33.2977,-46.13,21.9586,297.9199,-4.1748,132.0488,70.8438,44.0098,-62.8764
EVRG,Evergy,"Kansas City, Missouri",-18.0276,-8.2519,23.9342,-14.7966,14.7769,7.5189,-6.5321,33.8162,2.6379
EW,Edwards Lifesciences,"Irvine, California",0.3157,-42.1942,41.5847,18.9957,53.5712,37.1508,20.1599,19.9744,23.2233
EXC,Exelon,"Chicago, Illinois",-16.9942,6.1444,36.1622,-7.7763,1.8088,14.0617,10.485,29.1485,-25.1079
EXPD,Expeditors International,"Seattle, Washington",21.6643,-22.6556,40.8095,20.9743,16.8489,2.7774,20.9837,19.4138,0.2445
EXPE,Expedia Group,"Seattle, Washington",71.2625,-51.6823,34.2944,21.6129,-2.0471,-6.623,5.0245,-6.5809,45.2442
EXR,Extra Space Storage,"Salt Lake City, Utah",8.4924,-35.163,95.9129,9.4258,17.2123,3.1111,13.2039,-11.9571,50.2214
F,Ford Motor Company,"Dearborn, Michigan",3.1303,-45.3221,135.7548,-5.3821,23.506,-38.8978,2.377,-12.5451,-9.6216
FANG,Diamondback Energy,"Midland, Texas",14.8996,27.1426,120.102,-48.1521,2.4493,-25.84,23.1707,52.0843,11.4072
FAST,Fastenal,"Winona, Minnesota",36.0143,-25.912,30.6547,31.6882,44.0265,-5.1515,15.3797,16.7495,-14.6917
FCX,Freeport-McMoRan,"Phoenix, Arizona",12.1739,-8.3896,53.1938,94.9064,31.0689,-45.8793,40.5486,99.8485,-71.0064
FDS,FactSet,"Norwalk, Connecticut",18.5748,-17.0831,46.006,23.7624,36.1307,3.5762,16.7818,1.7241,14.9148
FDX,FedEx,"Memphis, Tennessee",44.5791,-33.3333,-0.6759,70.332,-4.6114,-35.6815,33.7514,27.1771,-14.2652
FE,FirstEnergy,"Akron, Ohio",-12.6519,0.7931,35.8706,-36.9646,29.9813,22.2331,-1.1301,-1.7449,-18.8491
FFIV,"F5, Inc.","Seattle, Washington",24.1107,-41.3623,39.0398,25.2955,-11.7201,23.0857,-9.9073,51.3808,-26.3893
FI,Fiserv,"Brookfield, Wisconsin",30.5938,-2.6863,-8.756,-1.8448,60.1302,11.3822,22.7579,17.9709,27.934
FICO,Fair Isaac,"Bozeman, Montana",91.2446,36.9278,-15.2972,35.5544,103.4535,21.8956,27.8585,27.7403,29.7067
FIS,Fidelity National Information Services,"Jacksonville, Florida",-12.5873,-37.9515,-22.8404,1.1368,37.8767,8.7371,23.3482,27.0833,-2.7756
FITB,Fifth Third Bank,"Cincinnati, Ohio",3.9169,-25.4149,56.8804,-10.9208,32.6716,-24.5592,11.0135,38.4497,-1.5189
FMC,FMC Corporation,"Philadelphia, Pennsylvania",-49.5075,12.8799,-5.0298,14.5063,58.2244,-22.4575,65.4027,49.5901,-31.4471
FOXA,Fox Corporation (Class A),"New York City, New York",-2.1438,-18.096,26.197,-22.1598,0.4335,0,0,0,0
FRT,Federal Realty,"Rockville, Maryland",1.2776,-26.0701,60.094,-34.2804,9.9786,-11.3015,-7.0739,-2.1079,8.6892
FSLR,First Solar,"Tempe, Arizona",14.0852,70.1966,-14.1957,75.3901,34.4223,-37.4116,107.053,-50.4095,47.5626
FTNT,Fortinet,"Sunnyvale, California",18.1708,-32.4948,140.2888,38.039,55.6722,60.9461,42.9647,-1.3752,0.8738
FTV,Fortive,"Everett, Washington",13.7143,-15.0806,7.4507,9.909,14.6653,-7.3024,34.255,11.4737,0
GD,General Dynamics,"Falls Church, Virginia",4.769,18.7129,39.669,-16.1341,13.5398,-22.7621,16.6638,27.3116,-0.8016
GDDY,GoDaddy,"Tempe, Arizona",39.6842,-11.5184,1.8972,20.5844,5.3513,30.2501,43.0441,10.2176,22.6004
GE,GE Aerospace,"Evendale, Ohio",94.52,-12.0038,8.4366,-3.829,55.5818,-56.9397,-44.9005,3.437,22.9282
GEN,Gen Digital,"Tempe, Arizona",6.4862,-17.3225,24.128,-18.8598,38.3198,-33.121,17.2097,16.253,-18.5731
GILD,Gilead Sciences,"Foster City, California",-4.7837,18.7906,23.76,-11.0942,5.2137,-13.3537,-0.9676,-28.2249,6.3591
GIS,General Mills,"Golden Valley, Minnesota",-22.044,24.7768,15.0222,9.6401,37.9701,-34.4775,-4.5096,8.6735,8.5876
GL,Globe Life,"McKinney, Texas",1.214,27.4852,-1.7198,-9.8453,42.7893,-18.4752,21.5463,31.6673,4.8615
GLW,Corning Inc.,"Corning, New York",-5.2582,-14.5989,3.2732,22.7831,-1.6222,-6.5285,31.1066,35.2089,-20.6253
GM,General Motors,"Detroit, Michigan",5.5849,-43.8116,39.7616,12.5405,11.4155,-18.8894,17.1813,4.1555,-3.5724
GNRC,Generac,"Waukesha, Wisconsin",25.8545,-71.5634,53.5696,124.3145,106.3808,0.0805,19.9612,39.1393,-36.7941
GOOGL,Alphabet Inc. (Class A),"Mountain View, California",55.9214,-39.1748,64.6046,29.9783,30.3923,-0.7654,31.573,3.9688,46.0777
GPC,Genuine Parts Company,"Atlanta, Georgia",-20.0254,23.2666,38.702,-5.788,11.7152,0.5024,-1.4623,12.6518,-20.0279
GPN,Global Payments,"Atlanta, Georgia",26.1047,-26.8253,-37.149,17.1079,79.7735,2.4233,43.2409,9.2899,58.7743
GRMN,Garmin,"Schaffhausen, Switzerland",38.215,-32.4279,13.6739,22.5773,56.8489,6.1704,22.7488,32.4863,-29.8415
GS,Goldman Sachs,"New York City, New York",11.6556,-11.7275,43.2771,14.1602,39.9197,-35.1942,4.9691,36.2137,-7.7163
GWW,W. W. Grainger,"Lake Forest, Illinois",48.3672,7.4858,26.2645,20.1884,21.3812,19.1141,1.2124,16.3869,-20.8695
HAL,Halliburton,"Houston, Texas",-7.2125,70.0519,18.9906,-23.4508,-6.2811,-45.6664,-11.0808,59.746,-13.0968
HAS,Hasbro,"Pawtucket, Rhode Island",-17.0835,-40.315,8.5769,-11.896,32.1943,-11.2604,16.3615,17.2596,21.4788
HBAN,Huntington Bancshares,"Columbus, Ohio; Detroit, Michigan",-10.9867,-9.0323,20.9412,-16.4683,28.0136,-18.9667,8.1724,22.8625,4.3396
HCA,HCA Healthcare,"Nashville, Tennessee",12.004,-6.5139,57.2627,11.0016,20.2587,41.4205,18.128,12.6808,-8.534
HD,Home Depot (The),"Atlanta, Georgia",9.1771,-24.176,56.0129,21.2434,28.6783,-9.6683,40.2887,3.0513,25.7607
HES,Hess Corporation,"New York City, New York",2.942,91.908,37.4745,-21.8042,70.0433,-15.5722,-25.1026,28.6983,-33.7614
HIG,Hartford (The),"Hartford, Connecticut",6.1963,9.4228,39.1094,-19.6522,39.4767,-21.104,16.4012,11.671,3.6242
HII,Huntington Ingalls Industries,"Newport News, Virginia",13.0442,23.497,10.0802,-32.3492,33.7171,-19.1752,27.4054,47.3874,12.7656
HLT,Hilton Worldwide,"Tysons Corner, Virginia",42.5139,-18.974,40.5695,0.099,56.8963,-10.563,41.1612,28.3019,-18.3206
HOLX,Hologic,"Marlborough, Massachusetts",-4.8348,-2.2219,4.5616,39.7889,35.0142,-3.8597,6.875,4.5336,44.2042
HON,Honeywell,"Charlotte, North Carolina",-2.5285,3.0982,-2.0344,19.831,35.9551,-10.3838,31.4928,14.6106,3.3633
HPE,Hewlett Packard Enterprise,"Houston, Texas",5.5314,0.4405,32.521,-25.9375,22.471,-8.4546,6.5425,54.5758,1.4009
HPQ,HP Inc.,"Palo Alto, California",11.4444,-28.7457,52.5101,18.9072,2.5961,-3.3994,40.5351,28.152,-34.9184
HRL,Hormel Foods,"Austin, Minnesota",-29.4286,-6.6024,4.5406,3.2565,6.7692,16.8355,4.2992,-11.0288,51.6104
HSIC,Henry Schein,"Melville, New York",-4.9466,3.2046,13.6637,-0.4911,10.2488,11.5975,-9.388,-2.7126,15.8053
HST,Host Hotels & Resorts,"Bethesda, Maryland",20.5573,-8.2333,18.1386,-21.555,12.8345,-16.5248,4.2542,24.9337,-35.8159
HSY,Hershey's,"Hershey, Pennsylvania",-19.0939,20.0591,26.4427,3.464,38.4253,-5.5516,9.3124,17.3208,-14.435
HUBB,Hubbell Incorporated,"Shelton, Connecticut",38.4793,12.0084,32.8337,6.0682,48.8021,-26.5997,15.9726,15.4988,-5.4198
HUM,Humana,"Louisville, Kentucky",-9.9225,11.0126,11.0191,11.7415,29.3707,14.8861,22.2803,14.8365,23.1528
HWM,Howmet Aerospace,"Pittsburgh, Pennsylvania",37.3604,23.1562,11.7234,-7.6674,84.8048,-38.2644,45.4109,-16.6367,0
IBM,IBM,"Armonk, New York",15.9107,5.0869,11.0913,-6.7556,19.6679,-26.4272,-8.1317,22.4115,-14.686
ICE,Intercontinental Exchange,"Atlanta, Georgia",23.9432,-24.859,18.0069,24.1814,24.2449,6.4434,24.007,11.8335,16.2757
IDXX,Idexx Laboratories,"Westbrook, Maine",35.4045,-37.7787,30.9066,91.1329,43.0928,18.0405,32.2005,62.0871,-1.8772
IEX,IDEX Corporation,"Lake Forest, Illinois",-5.4069,-3.381,18.8493,15.2578,38.0861,-4.8459,45.2774,17.5565,-1.9329
IFF,International Flavors & Fragrances,"New York City, New York",-23.2002,-30.4682,37.5171,-15.8887,-3.2326,-12.2648,28.8392,-0.4057,17.9649
INCY,Incyte,"Wilmington, Delaware",-21.6789,9.7268,-15.6128,0.0805,39.7344,-34.6857,-6.3575,-5.8498,47.2505
INTC,Intel,"Santa Clara, California",85.7671,-48.8287,3.2271,-17.2975,30.2219,1.1859,26.0858,7.0543,-6.054
INTU,Intuit,"Mountain View, California",57.5574,-39.1872,69.3843,45.4918,36.7781,24.4154,37.992,21.6796,4.6524
INVH,Invitation Homes,"Dallas, Texas",15.981,-34.6993,52.4034,-1.3617,50.1503,-14.8431,17.2637,0,0
IP,International Paper,"Memphis, Tennessee",3.9989,-26.8638,-0.0587,6.9707,15.3846,-31.2436,9.0943,42.7879,-30.0037
IPG,Interpublic Group of Companies (The),"New York City, New York",-3.9152,-11.5977,59.5654,1.0743,13.5135,6.7805,-14.7569,2.2717,11.6547
IQV,IQVIA,"Durham, North Carolina",11.219,-27.3697,58.1148,15.4223,35.0494,17.9151,27.6235,12.069,16.0974
IR,Ingersoll Rand,"Davidson, North Carolina",46.8388,-15.9968,35.4422,23.5358,83.2168,-40.1872,48.1013,0,0
IRM,Iron Mountain,"Boston, Massachusetts",39.2083,-4.9933,74.4333,-7.5862,-0.4062,-14.2593,14.9954,21.194,-30.6547
ISRG,Intuitive Surgical,"Sunnyvale, California",25.1382,-26.0142,30.5216,37.3342,25.9105,30.1802,72.1577,15.9021,2.8782
IT,Gartner,"Stamford, Connecticut",32.91,0.4813,109.0938,3.6963,22.3987,3.7326,21.4976,12.6379,7.1597
ITW,Illinois Tool Works,"Glenview, Illinois",18.7129,-10.9179,17.8774,13.1724,43.8882,-24.2783,34.8501,32.1321,-2.6061
IVZ,Invesco,"Atlanta, Georgia",-2.8851,-22.6237,31.2429,-2.1336,9.5006,-54.5603,17.9471,-6.904,-15.71
J,Jacobs Solutions,"Dallas, Texas",7.7089,-13.9407,27.7339,21.2013,56.1718,-12.0902,14.3352,37.8476,-6.3825
JBHT,J.B. Hunt,"Lowell, Arkansas",13.7083,-14.9463,50.0404,15.9033,27.6284,-19.7654,17.5304,35.1009,-13.2963
JBL,Jabil,"St. Petersburg, Florida",85.1744,-3.876,63.6046,1.8683,70.433,-6.4528,10.1091,3.4528,6.5416
JCI,Johnson Controls,"Cork, Ireland",-11.1864,-21.1628,74.4475,13.8841,38.942,-22.6253,-8.4554,25.1159,-27.5063
JKHY,Jack Henry & Associates,"Monett, Missouri",-7.5892,5.0817,3.2523,10.596,16.957,7.8418,31.534,15.5689,24.6169
JNJ,Johnson & Johnson,"New Brunswick, New Jersey",-11.0241,3.7836,8.7955,7.8906,13.8453,-7.597,20.6771,13.273,-2.218
JNPR,Juniper Networks,"Sunnyvale, California",-8.5608,-10.3506,58.7111,-9.2705,-7.3015,-6.3348,0.0702,3.9353,22.8851
JPM,JPMorgan Chase,"New York City, New York",25.7764,-16.1141,24.1961,-9.0994,45.284,-9.3004,22.441,34.9335,6.1917
K,Kellanova,"Chicago, Illinois",-16.2294,10.5868,3.8697,-9.9812,21.8035,-16.1987,-7.7737,2.9613,10.1173
KDP,Keurig Dr Pepper,"Burlington, Massachusetts",-6.5358,-2.6747,14.9361,10.765,14.5174,-73.6675,7.0475,-1.3492,30.0223
KEY,KeyCorp,"Cleveland, Ohio",-18.321,-25.7143,39.5054,-19.4008,39.298,-27.2638,8.9681,40.6467,-5.7857
KEYS,Keysight,"Santa Rosa, California",-7.9713,-16.9079,55.9508,27.2053,67.7783,48.1623,13.6612,30.9345,-16.2082
KHC,Kraft Heinz,"Chicago, Illinois; Pittsburgh, Pennsylvania",-8.7589,13.5565,3.7872,7.3397,-24.8421,-44.9757,-11.4855,22.3312,-9.05
KIM,Kimco Realty,"Jericho, New York",-0.7452,-13.7973,64.1145,-27.7671,42.8276,-19.682,-28.487,-3.8594,4.7506
KKR,KKR,"New York City, New York",75.1956,-37.6662,83.8598,37.6743,51.0616,-6.7901,34.3969,0.5882,-33.6313
KLAC,KLA Corporation,"Milpitas, California",51.3802,-12.5505,64.1265,43.2183,103.5531,-15.3839,33.0505,15.6549,-1.7984
KMB,Kimberly-Clark,"Irving, Texas",-10.6938,-4.3206,6.3789,-1.8704,21.9415,-5.6866,5.6938,-9.3638,10.4555
KMI,Kinder Morgan,"Houston, Texas",-2,13.3542,15.3455,-35.6706,39.2763,-16.048,-13.6233,39.0866,-64.7365
KMX,CarMax,"Richmond, Virginia",24.376,-53.1651,38.1018,7.3775,41.6317,-2.381,-1.384,21.2618,-19.4958
KO,Coca-Cola Company (The),"Atlanta, Georgia",-7.2845,8.1435,9.1026,-0.8677,17.9165,3.1366,10.5542,-2.0784,1.6564
KR,Kroger,"Cincinnati, Ohio",2.7653,-0.7348,42.4614,9.4041,5.8415,-0.1452,-20.4348,-16.1565,30.4945
L,Loews Corporation,"New York City, New York",19.1814,0.3959,28.2416,-14.6055,17.3485,-9.3949,5.9284,24.053,-9.1339
LDOS,Leidos,"Reston, Virginia",3.6186,17.8071,-15.3736,6.7859,88.3587,-18.5036,25.9165,-7.4222,29.2739
LEN,Lennar,"Miami, Florida",62.5477,-21.875,51.4867,35.9551,44.6836,-38.7611,48.1914,-10.8411,8.7131
LH,LabCorp,"Burlington, North Carolina",11.867,-24.7908,54.5472,19.7635,35.0659,-21.025,23.4884,5.3504,12.7177
LHX,L3Harris,"Melbourne, Florida",1.4596,-2.464,13.4497,-4.7422,48.7409,-5.2028,37.0188,18.5995,20.1106
LIN,Linde plc,"Guildford, United Kingdom",29.2882,-5.8426,29.8901,23.3777,38.67,0.8271,31.1181,15.9953,-21.012
LKQ,LKQ Corporation,"Chicago, Illinois",-10.8063,-11.3674,69.3849,-1.8931,52.8253,-42.1784,31.2359,4.7147,4.9965
LLY,Lilly (Eli),"Indianapolis, Indiana",59.1547,33.3188,63.4244,28.1323,14.496,37.0116,14.2277,-11.8105,20.7682
LMT,Lockheed Martin,"Bethesda, Maryland",-6.2372,37.1631,0.1211,-9.6421,50.7122,-18.6832,27.8065,16.7944,13.0401
LNT,Alliant Energy,"Madison, Wisconsin",-7.1325,-10.0375,19.2897,-5.7608,29.7913,-0.8681,12.3089,21.2092,-6.3437
LOW,Lowe's,"Mooresville, North Carolina",10.4521,-23.1327,60.7763,33.7026,31.287,-0.7095,29.6054,-4.7798,10.2029
LRCX,Lam Research,"Fremont, California",82.2722,-41.7165,50.4026,59.6693,119.0918,-26.4542,72.5441,35.9522,-0.5634
LULU,Lululemon Athletica,"Vancouver, Canada",56.4152,-18.3121,11.3117,49.4332,94.8608,57.3018,19.1841,21.0017,-6.3203
LUV,Southwest Airlines,"Dallas, Texas",-14.6067,-22.006,-7.8313,-14.2883,17.2204,-29.4796,29.8611,19.5204,0.8667
LVS,Las Vegas Sands,"Las Vegas, Nevada",-0.1623,26.4335,-37.0569,-14.7109,35.4522,-24.5652,29.5972,24.7897,-24.6217
LW,Lamb Weston,"Eagle, Idaho",21.1635,40.9241,-19.1375,-8.1963,17.4792,30.2177,49.695,14.5581,0
LYB,LyondellBasell,"Rotterdam, Netherlands",14.2377,-10.6724,-0.2919,-3.7993,15.6284,-25.1148,26.7755,-0.5795,8.7065
LYV,Live Nation Entertainment,"Beverly Hills, California",32.1847,-42.1677,63.1321,2.0556,46.7858,15.2586,58.2528,10.1906,-6.2929
MA,Mastercard,"Harrison, New York",21.8739,-3.352,0.3687,18.7978,60.6791,24.1037,44.967,8.2626,12.3212
MAA,Mid-America Apartment Communities,"Memphis, Tennessee",-14.5852,-31.5739,81.1035,-4.2765,38.9023,-4.8708,2.3095,8.3066,21.9417
MAR,Marriott International,"Bethesda, Maryland",50.4905,-9.8019,25.6482,-12.9241,41.8947,-20.1119,62.8434,25.4057,-14.4243
MAS,Masco,"Livonia, Michigan",41.308,-33.5185,30.0852,13.9627,66.9798,-33.6209,37.7861,13.6184,26.8429
MCD,McDonald's,"Chicago, Illinois",12.5147,-2.2116,24.9802,8.3737,12.6561,2.2103,41.244,3.8124,25.5073
MCHP,Microchip Technology,"Chandler, Arizona",26.4974,-19.7326,25.3113,30.2556,49.0252,-18.8079,36.2269,40.495,2.6014
MCK,McKesson Corporation,"Irving, Texas",24.2099,51.5391,42.6268,25.0234,25.9057,-29.5966,11.0755,-27.4498,-5.6587
MCO,Moody's Corporation,"New York City, New York",37.7637,-28.8763,33.0767,21.6021,72.7623,-5.3528,55.3626,-4.2361,3.9362
MDLZ,Mondelez International,"Chicago, Illinois",8.9173,1.3688,13.3698,6.1932,38.7406,-7.3808,-4.272,0.5443,23.0854
MDT,Medtronic,"Dublin, Ireland",5.656,-24.6461,-11.7321,2.3414,26.7173,10.7108,14.9466,-6.0662,6.6408
MET,MetLife,"New York City, New York",-8.7107,14.9825,32.8726,-8.4438,25.511,-19.1891,4.0696,14.3676,-11.5088
META,Meta Platforms,"Menlo Park, California",188.1941,-64.428,22.407,32.1209,59.1209,-26.2213,52.0814,12.8494,33.1891
MGM,MGM Resorts,"Paradise, Nevada",31.6829,-25.5551,41.622,-5.9964,39.4969,-26.4626,15.0982,26.8926,6.5666
MHK,Mohawk Industries,"Calhoun, Georgia",-0.241,-44.2487,29.4168,3.2223,18.6532,-57.7823,36.8009,5.6508,20.8924
MKC,McCormick & Company,"Hunt Valley, Maryland",-17.8039,-13.7461,0.8666,12.8889,23.1891,36.4964,8.6924,10.5151,14.8148
MKTX,MarketAxess,"New York City, New York",3.8954,-32.1584,-28.5233,50.0447,81.1583,4.4228,34.6886,33.7338,54.4284
MLM,Martin Marietta Materials,"Raleigh, North Carolina",45.9228,-23.5276,55.1127,0.7987,64.9307,-22.7967,-1.0963,64.5962,22.3506
MMC,Marsh McLennan,"New York City, New York",13.9258,-3.8131,49.2914,4.8481,41.491,-2.5538,19.9558,24.0639,-3.6155
MMM,3M,"Saint Paul, Minnesota",-10.0395,-32.7501,1.5029,-1.6265,-6.0696,-19.1874,31.6166,20.6147,-8.5423
MNST,Monster Beverage,"Corona, California",13.2161,6.2919,3.8158,44.5904,30.869,-22.3659,41.7469,-9.2138,36.1609
MO,Altria,"Richmond, Virginia",-11.7866,-3.5043,15.3603,-18.3104,2.0446,-30.9327,5.4178,17.5183,18.073
MOH,Molina Healthcare,"Long Beach, California",10.4924,4.7054,47.9579,56.3823,18.0016,51.5649,41.3456,-8.2826,11.5584
MOS,Mosaic Company (The),"Tampa, Florida",-18.3314,11.0633,68.2655,4.9726,-24.835,12.5626,-13.457,7.3966,-39.8386
MPC,Marathon Petroleum,"Findlay, Ohio",28.2836,80.6176,53.3429,-32.0631,3.5757,-10.7397,22.8678,-2.5735,15.7789
MPWR,Monolithic Power Systems,"Kirkland, Washington",75.3872,-28.0974,32.6512,103.3256,57.2337,2.8761,35.5531,31.193,27.6753
MRK,Merck & Co.,"Kenilworth, New Jersey",-1.259,44.8812,-2.0503,-10.1888,20.7996,35.0238,-4.869,13.1898,-7.6896
MRNA,Moderna,"Cambridge, Massachusetts",-45.0097,-27.3147,136.8553,433.8273,31.0114,0,0,0,0
MRO,Marathon Oil,"Houston, Texas",-9.4453,64.8599,142.1829,-51.2783,-2.3022,-16.1894,-4.5659,37.8185,-55.1319
MS,Morgan Stanley,"New York City, New York",8.886,-14.4065,41.6859,33.8477,31.0097,-24.8484,21.7684,37.6221,-18.5403
MSCI,MSCI,"New York City, New York",20.4613,-24.2801,35.9238,71.6829,78.4366,15.6223,58.6112,10.8017,51.2476
MSFT,Microsoft,"Redmond, Washington",54.698,-28.4867,51.1347,40.0806,58.4128,17.9264,36.2319,14.3962,18.9027
MSI,Motorola Solutions,"Chicago, Illinois",21.2165,-5.0092,59.2241,4.8653,41.475,26.6403,8.3343,22.4915,1.3473
MTB,M&T Bank,"Buffalo, New York",-5.4621,-6.8755,19.3967,-25.2759,20.2962,-17.0165,8.0847,31.1892,-4.1449
MTCH,Match Group,"Dallas, Texas",-13.8135,-68.7799,-13.7369,82.6628,95.2211,35.7778,81.7179,27.3269,-22.3751
MTD,Mettler Toledo,"Columbus, Ohio",-16.6459,-14.5144,46.9446,41.5453,42.2975,-9.135,46.8301,25.6673,11.8503
MU,Micron Technology,"Boise, Idaho",68.7895,-46.7788,21.7965,37.0647,73.4839,-23.6158,86.3163,58.496,-59.8184
NCLH,Norwegian Cruise Line Holdings,"Miami, Florida",60.32,-41.6587,-18.1854,-56.7443,39.4699,-21.1496,23.4639,-26.1119,24.0737
NDAQ,"Nasdaq, Inc.","New York City, New York",-5.5095,-12.7187,57.0403,23.7554,32.8784,5.7291,13.8728,17.9613,20.6346
NDSN,Nordson Corporation,"Westlake, Ohio",10.6893,-6.813,26.6346,23.116,39.1914,-18.102,28.9641,76.4845,-17.8302
NEE,NextEra Energy,"Juno Beach, Florida",-28.0076,-10.5117,20.917,27.5365,40.2363,11.1168,30.6592,16.1271,-2.5696
NEM,Newmont,"Denver, Colorado",-14.2532,-22.838,0.1939,37.5201,26.1248,-8.5028,9.9648,84.7614,-3.5389
NFLX,Netflix,"Los Gatos, California",63.3497,-51.3086,11.7699,65.8172,24.7956,36.4916,53.6172,13.578,132.7094
NI,NiSource,"Merrillville, Indiana",-3.4545,-0.6522,20.4099,-17.8661,10.083,-1.131,15.7871,14.0649,16.7206
NKE,"Nike, Inc.","Washington County, Oregon",-8.4184,-30.1558,16.6748,39.5718,39.1812,17.9634,20.3116,-16.8221,29.4666
NOC,Northrop Grumman,"West Falls Church, Virginia",-14.0901,41.0027,27.2963,-11.5318,42.6255,-20.3189,31.1021,25.0565,27.3248
NOW,ServiceNow,"Santa Clara, California",78.822,-40.0966,16.5494,93.1604,62.1411,35.916,73.1377,-12.5206,27.6508
NRG,NRG Energy,"Houston, Texas",62.1706,-26.3767,14.1797,-5.7243,1.6624,38.6069,131.1688,5.9637,-56.4558
NSC,Norfolk Southern Railway,"Atlanta, Georgia",-4.3422,-17.4472,24.9255,21.82,32.0972,2.4527,33.0456,29.2085,-23.5863
NTAP,NetApp,"San Jose, California",45.9603,-34.7599,38.3933,6.8904,7.0139,7.5135,56.0948,34.8242,-36.3484
NTRS,Northern Trust,"Chicago, Illinois",-5.8259,-26.6799,27.9115,-12.5692,29.6242,-20.269,10.5712,26.6894,6.516
NUE,Nucor,"Charlotte, North Carolina",32.0385,14.7271,110.6866,-6.4051,10.635,-19.3116,6.4279,50.1514,-18.1393
NVDA,Nvidia,"Santa Clara, California",233.459,-50.9844,124.4386,118.7225,80.1133,-31.8112,85.3448,230.5667,63.7357
NVR,"NVR, Inc.","Reston, Virginia",50.6302,-21.4211,44.4719,8.0185,59.5246,-28.534,112.6194,2.3995,31.7583
NWSA,News Corp (Class A),"New York City, New York",33.6418,-18.6774,23.6696,26.8172,26.1374,-30.3681,40.3463,-12.6524,-15.5499
NXPI,NXP Semiconductors,"Eindhoven, Netherlands",43.7476,-30.807,42.0695,23.6373,76.9712,-37.3675,19.1756,19.5244,10.0444
O,Realty Income,"San Diego, California",-10.0846,-11.5712,18.8177,-15.8158,17.601,10.5577,-1.247,12.3973,7.6073
ODFL,Old Dominion,"Thomasville, North Carolina",41.7188,-20.7451,83.6622,53.8789,56.5196,-6.2623,51.8001,47.1274,-24.2012
OKE,ONEOK,"Tulsa, Oklahoma",6.9775,11.4315,50.6667,-49.4468,42.639,0.3534,-8.0667,132.8062,-50.5812
OMC,Omnicom Group,"New York City, New York",4.6197,10.7686,17.7406,-23.1423,11.6132,0.7982,-15.2252,14.4105,-3
ON,ON Semiconductor,"Phoenix, Arizona",30.6177,-8.9888,105.5068,32.2424,51.0533,-21.4931,64.2353,32.228,-3.7328
ORCL,Oracle Corporation,"Austin, Texas",27.8404,-6.401,34.8122,21.438,19.1097,-5.0872,22.9649,6.7759,-18.8583
ORLY,O'Reilly Auto Parts,"Springfield, Missouri",12.7785,19.9315,55.4819,3.2087,30.5044,42.6742,-14.0929,12.0588,31.401
OTIS,Otis Worldwide,"Farmington, Connecticut",13.3392,-10.195,28.8971,46.8798,0,0,0,0,0
OXY,Occidental Petroleum,"Houston, Texas",-4.1573,115.6453,63.3239,-58.4194,-31.9068,-17.0653,1.9234,6.3516,-15.4981
PANW,Palo Alto Networks,"Santa Clara, California",108.6612,-25.0376,56.6661,52.3709,24.973,29.0068,15.1688,-27.6959,43.6705
PARA,Paramount Global,"New York City, New York",-14.9511,-44.8726,-19.0885,-11.7271,-3.7827,-24.8668,-9.7997,37.3192,-15.4619
PAYC,Paycom,"Oklahoma City, Oklahoma",-34.7042,-25.2607,-7.7356,69.4328,120.8542,52.1685,73.8745,22.5815,43.1343
PAYX,Paychex,"Penfield, New York",2.1176,-15.0357,46.4435,8.9825,32.7403,-4.6678,11.3328,17.0769,14.0854
PCAR,Paccar,"Bellevue, Washington",48.1341,12.1346,1.9051,8.9532,40.5722,-21.2622,9.9969,37.4193,-30.5189
PCG,PG&E Corporation,"San Francisco, California",12.758,34.8259,-2.7244,14.2072,-53.8429,-46.4366,-26.2786,14.9858,-0.5423
PEG,Public Service Enterprise Group,"Newark, New Jersey",-0.5206,-8.4429,14.7747,-1.387,13.9961,1.068,17.0189,14.6291,-6.7711
PEP,PepsiCo,"Purchase, New York",-5.9527,4.9129,18.162,8.351,25.213,-7.8796,14.2748,6.1587,5.2565
PFE,Pfizer,"New York City, New York",-43.5601,-12.4103,60.1573,-1.278,-9.1373,19.9835,10.7645,1.978,3.2299
PFG,Principal Financial Group,"Des Moines, Iowa",-6.6231,15.5445,45.6798,-10.4997,27.0501,-37.9461,20.389,32.0703,-14.1931
PG,Procter & Gamble,"Cincinnati, Ohio",-2.9215,-6.2651,17.1273,11.759,37.2075,0,9.5374,7.2996,-12.5826
PGR,Progressive Corporation,"Mayfield Village, Ohio",23.1197,26.5463,5.1957,33.7662,22.1154,6.8544,57.5825,13.0573,17.3865
PH,Parker Hannifin,"Cleveland, Ohio",57.2355,-8.6084,16.3102,31.5927,40.233,-25.4673,40.3516,44.3597,-24.9613
PHM,PulteGroup,"Atlanta, Georgia",122.4569,-20.5826,32.0397,10.9339,51.5625,-22.3019,79.2453,4.6101,-17.4618
PKG,Packaging Corporation of America,"Lake Forest, Illinois",26.9363,-6.2656,-1.6328,22.1632,36.79,-31.2917,41.5571,36.7844,-19.9162
PLD,Prologis,"San Francisco, California",16.9503,-33.082,69.121,11.1409,53.5837,-9.0881,21.1001,24.6223,-0.9005
PM,Philip Morris International,"New York City, New York",-7.3195,6.6603,14.7066,-3.1809,28.6708,-36.9117,15.0997,5.3425,7.7328
PNC,PNC Financial Services,"Pittsburgh, Pennsylvania",-3.0066,-22.8055,33.9658,-6.7293,38.6279,-19.5112,21.4767,24.4255,3.7783
PNR,Pentair,"Worsley, United Kingdom",59.2422,-38.4089,37.6107,15.2127,23.5722,-20.7684,24.0689,15.2992,-25.8311
PNW,Pinnacle West,"Phoenix, Arizona",-5.7836,7.6139,-11.7625,-11.2948,5.7378,-0.1172,9.2191,21.3342,-5.9784
PODD,Insulet Corporation,"Acton, Massachusetts",-27.5526,11.1745,3.2239,49.2817,120.1929,14.7237,80.9124,1.2903,-17.947
POOL,Pool Corporation,"Covington, Louisiana",30.6175,-46.5848,51.4098,75.5089,44.821,14.593,23.6646,31.3444,27.2326
PPG,PPG Industries,"Pittsburgh, Pennsylvania",17.9509,-26.9378,19.2036,7.651,32.1291,-12.609,22.4143,-2.5804,-14.4971
PPL,PPL Corporation,"Allentown, Pennsylvania",-7.5401,-3.0846,6.2942,-21.6667,27.0089,-8.8481,-9.1043,0.4425,0.4489
PRU,Prudential Financial,"Newark, New Jersey",3.6789,-8.6014,38.0612,-16.9821,17.2629,-29.1916,9.2654,30.8108,-10.5483
PSA,Public Storage,"Glendale, California",8.51,-24.9303,62.6259,8.0021,6.003,-3.6372,-6.9747,-8.3716,33.6391
PSX,Phillips 66,"Houston, Texas",28.7621,42.7905,2.62,-37.5981,30.579,-15.2567,15.8516,6.4032,14.2299
PTC,PTC,"Boston, Massachusetts",44.2969,-1.0551,0.8995,58.5709,-7.406,36.1024,30.4357,35.2924,-6.0754
PWR,Quanta Services,"Houston, Texas",51.057,24.183,61.7207,75.3591,37.3482,-23.3902,11.2344,74.5118,-29.1215
PYPL,PayPal,"San Jose, California",-16.6644,-62.7919,-20.6981,113.9399,31.3061,13.2754,82.7252,12.3541,-7.7707
QCOM,Qualcomm,"San Diego, California",29.8877,-39.8939,19.5151,71.0724,56.9929,-11.603,-2.7938,31.9037,-32.9083
QRVO,Qorvo,"Greensboro, North Carolina",21.6222,-42.2197,-6.5212,41.796,94.9514,-9.4393,25.235,6.1393,-30.3503
RCL,Royal Caribbean Group,"Miami, Florida",156.2129,-36.2769,2.8075,-44.489,38.4958,-18.6236,44.1973,-17.6305,22.0427
REG,Regency Centers,"Jacksonville, Florida",6.1638,-17.9898,64.6275,-28.1708,8.2347,-15.3613,0.319,0.701,6.1555
REGN,Regeneron,"Tarrytown, New York",21.6704,15.4384,29.7155,27.8069,1.991,-1.5758,1.3806,-30.967,31.1597
RF,Regions Financial Corporation,"Birmingham, Alabama",-10.9784,-4.2629,33.9889,-6.6049,30.3951,-23.0592,18.6813,53.5829,-9.8591
RJF,Raymond James,"St. Petersburg, Florida",3.9143,5.9704,57.4984,6.2646,22.6656,-16.9624,26.8826,22.4717,0.5028
RL,Ralph Lauren Corporation,"New York City, New York",34.152,-11.8682,14.4205,-12.0475,15.4422,0.0483,13.608,-17.8834,-40.0581
RMD,ResMed,"San Diego, California",-18.113,-19.4917,22.1534,36.7825,38.3784,33.6502,36.3768,17.1418,-4.805
ROK,Rockwell Automation,"Milwaukee, Wisconsin",19.5303,-26.166,38.493,23.0547,36.4597,-23.927,44.4812,33.4525,-8.3266
ROL,"Rollins, Inc.","Atlanta, Georgia",19.2843,6.7797,-12.9738,76.3087,-7.2448,15.5817,36.8529,31.6959,16.5966
ROP,Roper Technologies,"Sarasota, Florida",25.0935,-12.0015,14.4073,21.8009,34.7395,2.3345,40.1363,-1.7706,21.1477
ROST,Ross Stores,"Dublin, California",18.6573,2.4901,-6.7407,5.4344,42.3227,2.8939,21.5541,23.7736,13.4753
RSG,Republic Services,"Phoenix, Arizona",27.1669,-7.3281,44.9886,7.3339,25.585,6.6894,18.3856,31.3911,9.2376
RTX,RTX Corporation,"Waltham, Massachusetts",-16.6848,17.2398,20.566,-24.1155,42.4116,-16.7475,15.563,16.0614,-16.5625
RVTY,Revvity,"Waltham, Massachusetts",-22.9723,-29.6896,39.4991,46.056,25.436,6.5663,39.6753,-1.2123,21.8331
SBAC,SBA Communications,"Boca Raton, Florida",-10.2395,-27.77,37.4143,16.9936,50.5247,-0.7297,55.2114,-1.2999,-5.606
SBUX,Starbucks,"Seattle, Washington",-4.5247,-14.8279,8.6476,21.4026,38.0653,11.1303,2.7187,-5.53,46.1829
SCHW,Charles Schwab Corporation,"Westlake, Texas",-17.6738,-1.549,58.0233,11.0553,16.855,-19.4374,28.2647,23.5368,8.2867
SHW,Sherwin-Williams,"Cleveland, Ohio",29.645,-31.8957,43.7407,25.6149,49.8639,-4.172,51.4628,4.4421,-0.9841
SJM,J.M. Smucker Company (The),"Orrville, Ohio",-20.0734,17.057,17.4203,11.0151,11.8715,-24.8352,-3.3227,5.3125,21.9498
SLB,Schlumberger,"Houston, Texas",-1.5513,77.7852,35.6431,-46.1254,13.2713,-46.9957,-20.5869,20.8783,-17.7573
SMCI,Supermicro,"San Jose, California",242.1521,84.0394,38.2076,32.7463,74.1842,-33.9713,-25.9115,17.4623,-30.4286
SNA,Snap-on,"Kenosha, Wisconsin",25.4844,5.3289,25.4251,0.4343,18.3457,-16.7774,1.467,1.4693,25.2685
SNPS,Synopsys,"Sunnyvale, California",59.4149,-13.0308,41.7308,84.7623,68.9936,-1.9325,43.8164,30.481,4.2991
SO,Southern Company,"Atlanta, Georgia",-1.834,4.2482,11.7302,-3.4878,45.1356,-8.5191,-2.1567,5.9673,-4.879
SPG,Simon Property Group,"Indianapolis, Indiana",20.7483,-26.7946,86.5165,-42.9222,-10.4539,-2.5241,-4.1041,-7.6127,6.1644
SPGI,S&P Global,"New York City, New York",28.7919,-29.1627,42.2719,19.7254,61.3103,0.1178,56.2586,11.3712,9.8017
SRE,Sempra Energy,"San Diego, California",-3.1367,16.634,3.961,-15.8065,40.2852,0.8859,5.9348,8.0292,-15.8973
STE,Steris,"Dublin, Ireland",17.8378,-24.0303,28.259,24.2234,44.2688,21.1039,29.3744,-9.0676,15.7296
STLD,Steel Dynamics,"Fort Wayne, Indiana",20.7566,56.7463,64.8168,7.1802,16.7353,-30.6556,20.0056,101.9296,-9.7475
STT,State Street Corporation,"Boston, Massachusetts",-1.513,-17.3908,26.8067,-8.2913,27.6012,-35.8066,23.557,19.9938,-16.2333
STX,Seagate Technology,"Dublin, Ireland",61.5632,-53.4548,81.3774,3.9291,56.9093,-8.8784,8.7884,5.9395,-45.0127
STZ,Constellation Brands,"Rochester, New York",4.2026,-7.7612,14.0773,15.3077,18.5493,-29.7729,47.455,8.7074,45.0952
SWK,Stanley Black & Decker,"New Britain, Connecticut",28.5377,-60.3295,11.0575,6.8198,40.9354,-29.7795,46.7399,9.291,10.5209
SWKS,Skyworks Solutions,"Irvine, California",21.9306,-41.452,1.1805,25.3012,83.5408,-30.1875,26.2297,-0.4666,4.3886
SYF,Synchrony Financial,"Stamford, Connecticut",14.8571,-29.3029,32.5429,-3.9568,55.5508,-39.5361,5.0612,20.9807,2.0812
SYK,Stryker Corporation,"Kalamazoo, Michigan",21.1065,-8.5711,8.9998,16.1657,34.6892,0.0638,29.238,30.9828,-1.8585
SYY,Sysco,"Houston, Texas",-4.3427,-2.3378,5.9482,-12.6969,37.6126,3.246,9.7795,36.6149,2.8342
T,AT&T,"Dallas, Texas",-9.3463,-1.635,-16.2981,-26.5577,37.1228,-26.9329,-8.9248,24.7946,2.4412
TAP,Molson Coors Beverage Company,"Chicago, Illinois",21.088,10.7005,-0.3654,-16.7005,-3.5433,-31.7121,-16.161,4.6682,25.8307
TDG,TransDigm Group,"Cleveland, Ohio",59.8003,-1.4509,3.9775,10.3513,66.9101,23.4517,9.258,9.0973,16.1059
TDY,Teledyne Technologies,"Thousand Oaks, California",10.6047,-8.592,23.8421,12.3893,69.0439,13.8748,46.0887,41.0065,-14.2995
TECH,Bio-Techne,"Minneapolis, Minnesota",-7.9895,-35.8303,63.374,43.9744,53.7077,11.5634,25.46,15.4485,-3.2362
TEL,TE Connectivity,"Schaffhausen, Switzerland",21.1207,-29.127,33.1298,25.0077,28.6098,-20.98,36.5517,9.1539,1.3967
TER,Teradyne,"North Reading, Massachusetts",22.1384,-47.0157,34.173,74.1575,123.2809,-28.2086,64.1317,24.1447,3.7651
TFC,Truist,"Charlotte, North Carolina",-14.9701,-27.4735,21.3471,-15.0328,31.4046,-13.36,4.784,27.3565,-3.101
TFX,Teleflex,"Wayne, Pennsylvania",-1.0516,-24.0045,-20.0973,9.2364,46.2982,3.8239,54.24,24.0952,13.7701
TGT,Target Corporation,"Minneapolis, Minnesota",-5.0407,-35.5001,31.1201,37.1213,97.0643,0.2123,-10.1982,0.5429,-4.5986
TJX,TJX Companies,"Framingham, Massachusetts",17.6596,4.9716,11.1567,11.3484,38.0511,16.4195,1.1911,7.4975,3.2921
TMO,Thermo Fisher Scientific,"Waltham, Massachusetts",-4.0666,-16.9384,42.2535,42.8773,47.7622,17.2904,33.3521,1.1832,12.312
TMUS,T-Mobile US,"Bellevue, Washington",15.3453,20.9399,-13.6411,70.9559,24.7336,-0.4538,9.3115,47.9928,44.3542
TPR,"Tapestry, Inc.","New York City, New York",-6.5262,-7.1446,26.7166,14.433,-18.814,-23.9351,26.9518,8.2535,-13.183
TRGP,Targa Resources,"Houston, Texas",18.5777,40.8316,94.9981,-35.58,15.4042,-26.249,-15.2904,112.8702,-74.4113
TRMB,Trimble Inc.,"Westminster, Colorado",4.0892,-42.1841,29.0175,59.8516,29.4319,-19.2194,33.8163,42.4858,-19.6629
TROW,T. Rowe Price,"Baltimore, Maryland",-2.7366,-44.707,29.1475,23.7352,35.0477,-11.6048,37.4509,7.6219,-17.448
TRV,Travelers Companies (The),"New York City, New York",2.0245,19.4813,11.2351,2.0724,16.5631,-12.1423,10.2137,10.5772,6.1812
TSCO,Tractor Supply,"Brentwood, Tennessee",-4.5965,-5.6136,69.34,50.048,14.2159,10.7366,-2.7958,-9.2096,8.5025
TSLA,"Tesla, Inc.","Austin, Texas",109.7409,-67.8031,46.8852,731.1779,36.6645,6.6667,44.9083,-7.3812,7.6906
TSN,Tyson Foods,"Springdale, Arkansas",-14.6148,-28.3494,35.0271,-29.249,71.644,-34.1716,29.7535,17.6201,33.0257
TT,Trane Technologies,"Dublin, Ireland",42.7234,-16.1144,40.211,40.3369,47.919,1.6717,17.6494,37.9412,-12.9154
TTWO,Take-Two Interactive,"New York City, New York",52.9071,-41.1163,-14.832,68.2101,22.1369,-6.4437,122.4519,44.7577,23.5461
TXN,Texas Instruments,"Dallas, Texas",1.9376,-12.4987,14.5018,27.1045,38.3031,-10.0942,42.0373,36.2652,2.3338
TXT,Textron,"Providence, Rhode Island",13.4114,-8.6687,60.299,7.2808,-1.48,-19.174,15.9869,17.4649,-0.8028
TYL,Tyler Technologies,"Plano, Texas",27.7404,-39.8949,22.6041,44.5957,63.5699,4.4931,23.1224,-17.2348,58.4151
UAL,United Airlines Holdings,"Chicago, Illinois",7.9539,-15.6033,0.2289,-51.7137,7.8345,23.3137,-8.9435,30.6327,-15.4119
UBER,Uber,"San Francisco, California",142.6882,-41.7844,-19.7051,70.3407,-27.0077,0,0,0,0
UDR,"UDR, Inc.","Highlands Ranch, Colorado",-1.7197,-35.493,56.102,-17.744,19.0112,2.7223,5.045,-2.7719,21.1935
UHS,Universal Health Services,"King of Prussia, Pennsylvania",6.9604,8.252,-5.9071,-4.686,24.4232,2.1023,6.123,-9.433,6.6399
ULTA,Ulta Beauty,"Bolingbrook, Illinois",4.3287,13.3841,43.5924,12.9129,5.4926,9.0893,-12.701,39.5631,44.3846
UNH,UnitedHealth Group,"Minnetonka, Minnesota",0.2552,6.036,42.8767,19.287,19.9918,12.7138,36.8212,36.8916,15.9015
UNP,Union Pacific Corporation,"Omaha, Nebraska",18.491,-18.2349,21.0969,15.0705,33.2768,2.613,28.3499,34.8771,-34.7953
UPS,United Parcel Service,"Sandy Springs, Georgia",-9.7779,-19.0123,27.2803,43.0999,21.7853,-18.7521,3.1423,20.2433,-13.5167
URI,United Rentals,"Stamford, Connecticut",60.3075,6.6495,42.0043,37.7056,66.2546,-40.7067,59.353,48.4742,-29.6479
USB,U.S. Bank,"Minneapolis, Minnesota",-2.0815,-22.2361,20.3041,-21.658,31.1145,-15.4487,3.797,23.0419,-6.0753
V,Visa Inc.,"San Francisco, California",24.4027,-4.4869,-1.6073,15.7302,44.5385,15.161,44.7689,2.5769,17.7766
VICI,Vici Properties,"New York City, New York",-2.0584,7.2848,17.9859,-0.4684,37.2918,-10.9108,0,0,0
VLO,Valero Energy,"San Antonio, Texas",3.3797,67.3615,31.7026,-40.2198,26.8626,-18.6788,32.1495,-2.927,42.7043
VMC,Vulcan Materials Company,"Birmingham, Alabama",27.9651,-15.9741,39.2874,2.2828,47.6821,-23.8536,1.8486,33.8503,43.0487
VRSK,Verisk,"Jersey City, New Jersey",34.6449,-22.5072,10.1782,39.0608,39.5049,13.0182,17.6615,7.7097,19.975
VRSN,Verisign,"Dulles, Virginia",-0.3676,-18.6441,17.0109,11.0256,32.4807,29.2964,49.6143,-11.2265,52.6472
VRTX,Vertex Pharmaceuticals,"Boston, Massachusetts",40.9827,32.2374,-7.6962,7.3102,35.8166,10.4733,101.3435,-40.1203,4.8846
VST,Vistra,"Irving, Texas",65.7487,1.6652,15.9369,-14.818,2.1324,25.356,18.1935,3.3333,0
VTR,Ventas,"Chicago, Illinois",8.1128,-12.2517,4.3691,-15.4483,-0.4826,-2.48,-3.6603,11.6429,-31.262
VTRS,Viatris,"Pittsburgh, Pennsylvania",-3.2172,-18.1618,-27.492,-6.7662,-25.3066,-35.3011,9.9532,-27.8555,-4.3686
VZ,Verizon,"New York City, New York",-5.2049,-24.3326,-11.8725,-4.2848,9.3305,5.7562,-1.9088,16.882,-1.6596
WAB,Wabtec,"Pittsburgh, Pennsylvania",26.3315,7.7164,25.405,-6.8465,12.6883,-14.0357,-3.048,18.7357,-18.7757
WAT,Waters Corporation,"Milford, Massachusetts",-4.571,-7.968,50.6124,5.3165,25.5643,-2.8178,43.0507,1.3805,18.4996
WBA,Walgreens Boots Alliance,"Deerfield, Illinois",-31.0172,-28.5113,29.8482,-32.726,-12.2619,-6.7549,-12.6113,-1.1231,11.8907
WBD,Warner Bros. Discovery,"New York City, New York",17.9275,-60.3347,-24.2356,-8.3181,34.3455,7.7526,-19.0889,4.8986,-22.957
WDC,Western Digital,"San Jose, California",64.015,-52.0152,18.6715,-13.7227,75.574,-54.0802,15.3445,14.5482,-46.288
WEC,WEC Energy Group,"Milwaukee, Wisconsin",-10.0844,-3.4497,5.3963,-0.4004,33.4539,4.2601,13.2651,15.1581,-3.1338
WELL,Welltower,"Toledo, Ohio",35.5736,-23.9206,32.6887,-21.2815,18.8836,8.6059,-4.9769,-1.2395,-10.5457
WFC,Wells Fargo,"San Francisco, California",18.2889,-15.6141,58.2454,-43.9554,18.1638,-24.5085,8.9815,3.8049,-1.3609
WM,Waste Management,"Houston, Texas",13.7793,-5.7608,41.4407,3.3658,29.353,3.2966,21.5493,34.8099,4.1366
WMB,Williams Companies,"Tulsa, Oklahoma",6.4812,25.9089,28.2759,-16.249,8.8073,-28.1056,-2.7432,22.0219,-42.6723
WMT,Walmart,"Bentonville, Arkansas",10.5928,-1.5347,0.2703,21.2771,29.6814,-6.1934,42.6199,14.2479,-28.944
WRB,W. R. Berkley Corporation,"Greenwich, Connecticut",-2.4148,31.6264,23.8761,-4.4179,42.2787,2.8528,7.2605,22.8028,6.4968
WST,West Pharmaceutical Services,"Exton, Pennsylvania",47.7571,-49.5336,65.4765,88.5591,55.3638,-0.9798,16.096,43.1005,12.4137
WTW,Willis Towers Watson,"London, United Kingdom",-1.543,3.0765,12.7255,3.8498,34.8514,-2.9773,22.2835,-3.8719,7.9333
WY,Weyerhaeuser,"Seattle, Washington",11.264,-25.2111,22.8154,10.9897,43.128,-38.0737,16.6391,1.9654,-16.4204
WYNN,Wynn Resorts,"Paradise, Nevada",5.7942,-4.1826,-24.8431,-20.5758,44.3555,-40.0945,93.3372,29.0616,-53.4356
XEL,Xcel Energy,"Minneapolis, Minnesota",-11.3164,3.621,1.7433,4.9095,29.1497,2.1775,18.0903,14.2937,-0.3054
XOM,ExxonMobil,"Irving, Texas",-8.9269,80.111,47.6236,-41.3155,3.608,-18.6471,-8.0273,16.4645,-15.5014
XYL,Xylem Inc.,"White Plains, New York",2.2167,-8.0193,17.5341,28.5877,19.9056,-2.1844,36.5365,37.8619,-4.9479
YUM,Yum! Brands,"Louisville, Kentucky",1.7443,-7.4433,27.3711,7.5917,10.5829,11.8929,28.3984,23.5166,-0.5311
ZBH,Zimmer Biomet,"Warsaw, Indiana",-4.4816,3.1213,-18.3915,2.7404,45.4333,-14.281,16.1741,2.057,-10.1742
ZBRA,Zebra Technologies,"Lincolnshire, Illinois",4.7763,-56.6934,54.2968,48.3728,63.7541,52.9587,19.8891,26.714,-10.6937
ZTS,Zoetis,"Parsippany, New Jersey",32.766,-39.5146,47.006,25.3313,56.6087,17.9211,33.7045,14.0392,10.2623
