Year,Symbol,Open,Close,High,Low,Volume,S&P500Open,S&P500Close,StockCAGR,IndexCAGR,Outperformed?,GenderByYear
,A,,,,,,#REF!,#REF!,#REF!,,#REF!,
,AAL,,,,,,#REF!,#REF!,#REF!,,#REF!,
,AAPL,,,,,,#REF!,#REF!,#REF!,,#REF!,
,ABBV,,,,,,#REF!,#REF!,#REF!,,#REF!,
,ABNB,,,,,,#REF!,#REF!,#REF!,,#REF!,
,ABT,,,,,,#REF!,#REF!,#REF!,,#REF!,
,ACGL,,,,,,#REF!,#REF!,#REF!,,#REF!,
,ACN,,,,,,#REF!,#REF!,#REF!,,#REF!,
,ADBE,,,,,,#REF!,#REF!,#REF!,,#REF!,
,ADI,,,,,,#REF!,#REF!,#REF!,,#REF!,
,ADM,,,,,,#REF!,#REF!,#REF!,,#REF!,
,ADP,,,,,,#REF!,#REF!,#REF!,,#REF!,
,ADSK,,,,,,#REF!,#REF!,#REF!,,#REF!,
,AEE,,,,,,#REF!,#REF!,#REF!,,#REF!,
,AEP,,,,,,#REF!,#REF!,#REF!,,#REF!,
,AES,,,,,,#REF!,#REF!,#REF!,,#REF!,
,AFL,,,,,,#REF!,#REF!,#REF!,,#REF!,
,AIG,,,,,,#REF!,#REF!,#REF!,,#REF!,
,AIZ,,,,,,#REF!,#REF!,#REF!,,#REF!,
,AJG,,,,,,#REF!,#REF!,#REF!,,#REF!,
,AKAM,,,,,,#REF!,#REF!,#REF!,,#REF!,
,ALB,,,,,,#REF!,#REF!,#REF!,,#REF!,
,ALGN,,,,,,#REF!,#REF!,#REF!,,#REF!,
,ALL,,,,,,#REF!,#REF!,#REF!,,#REF!,
,ALLE,,,,,,#REF!,#REF!,#REF!,,#REF!,
,AMAT,,,,,,#REF!,#REF!,#REF!,,#REF!,
,AMCR,,,,,,#REF!,#REF!,#REF!,,#REF!,
,AMD,,,,,,#REF!,#REF!,#REF!,,#REF!,
,AME,,,,,,#REF!,#REF!,#REF!,,#REF!,
,AMGN,,,,,,#REF!,#REF!,#REF!,,#REF!,
,AMP,,,,,,#REF!,#REF!,#REF!,,#REF!,
,AMT,,,,,,#REF!,#REF!,#REF!,,#REF!,
,AMZN,,,,,,#REF!,#REF!,#REF!,,#REF!,
,ANET,,,,,,#REF!,#REF!,#REF!,,#REF!,
,ANSS,,,,,,#REF!,#REF!,#REF!,,#REF!,
,AON,,,,,,#REF!,#REF!,#REF!,,#REF!,
,AOS,,,,,,#REF!,#REF!,#REF!,,#REF!,
,APA,,,,,,#REF!,#REF!,#REF!,,#REF!,
,APD,,,,,,#REF!,#REF!,#REF!,,#REF!,
,APH,,,,,,#REF!,#REF!,#REF!,,#REF!,
,APTV,,,,,,#REF!,#REF!,#REF!,,#REF!,
,ARE,,,,,,#REF!,#REF!,#REF!,,#REF!,
,ATO,,,,,,#REF!,#REF!,#REF!,,#REF!,
,AVB,,,,,,#REF!,#REF!,#REF!,,#REF!,
,AVGO,,,,,,#REF!,#REF!,#REF!,,#REF!,
,AVY,,,,,,#REF!,#REF!,#REF!,,#REF!,
,AWK,,,,,,#REF!,#REF!,#REF!,,#REF!,
,AXON,,,,,,#REF!,#REF!,#REF!,,#REF!,
,AXP,,,,,,#REF!,#REF!,#REF!,,#REF!,
,AZO,,,,,,#REF!,#REF!,#REF!,,#REF!,
,BA,,,,,,#REF!,#REF!,#REF!,,#REF!,
,BAC,,,,,,#REF!,#REF!,#REF!,,#REF!,
,BALL,,,,,,#REF!,#REF!,#REF!,,#REF!,
,BAX,,,,,,#REF!,#REF!,#REF!,,#REF!,
,BBWI,,,,,,#REF!,#REF!,#REF!,,#REF!,
,BBY,,,,,,#REF!,#REF!,#REF!,,#REF!,
,BDX,,,,,,#REF!,#REF!,#REF!,,#REF!,
,BEN,,,,,,#REF!,#REF!,#REF!,,#REF!,
,BF.B,,,,,,#REF!,#REF!,#REF!,,#REF!,
,BG,,,,,,#REF!,#REF!,#REF!,,#REF!,
,BIIB,,,,,,#REF!,#REF!,#REF!,,#REF!,
,BIO,,,,,,#REF!,#REF!,#REF!,,#REF!,
,BK,,,,,,#REF!,#REF!,#REF!,,#REF!,
,BKNG,,,,,,#REF!,#REF!,#REF!,,#REF!,
,BKR,,,,,,#REF!,#REF!,#REF!,,#REF!,
,BLDR,,,,,,#REF!,#REF!,#REF!,,#REF!,
,BLK,,,,,,#REF!,#REF!,#REF!,,#REF!,
,BMY,,,,,,#REF!,#REF!,#REF!,,#REF!,
,BR,,,,,,#REF!,#REF!,#REF!,,#REF!,
,BRK.B,,,,,,#REF!,#REF!,#REF!,,#REF!,
,BRO,,,,,,#REF!,#REF!,#REF!,,#REF!,
,BSX,,,,,,#REF!,#REF!,#REF!,,#REF!,
,BWA,,,,,,#REF!,#REF!,#REF!,,#REF!,
,BX,,,,,,#REF!,#REF!,#REF!,,#REF!,
,BXP,,,,,,#REF!,#REF!,#REF!,,#REF!,
,C,,,,,,#REF!,#REF!,#REF!,,#REF!,
,CAG,,,,,,#REF!,#REF!,#REF!,,#REF!,
,CAH,,,,,,#REF!,#REF!,#REF!,,#REF!,
,CARR,,,,,,#REF!,#REF!,#REF!,,#REF!,
,CAT,,,,,,#REF!,#REF!,#REF!,,#REF!,
,CB,,,,,,#REF!,#REF!,#REF!,,#REF!,
,CBOE,,,,,,#REF!,#REF!,#REF!,,#REF!,
,CBRE,,,,,,#REF!,#REF!,#REF!,,#REF!,
,CCI,,,,,,#REF!,#REF!,#REF!,,#REF!,
,CCL,,,,,,#REF!,#REF!,#REF!,,#REF!,
,CDNS,,,,,,#REF!,#REF!,#REF!,,#REF!,
,CDW,,,,,,#REF!,#REF!,#REF!,,#REF!,
,CE,,,,,,#REF!,#REF!,#REF!,,#REF!,
,CEG,,,,,,#REF!,#REF!,#REF!,,#REF!,
,CF,,,,,,#REF!,#REF!,#REF!,,#REF!,
,CFG,,,,,,#REF!,#REF!,#REF!,,#REF!,
,CHD,,,,,,#REF!,#REF!,#REF!,,#REF!,
,CHRW,,,,,,#REF!,#REF!,#REF!,,#REF!,
,CHTR,,,,,,#REF!,#REF!,#REF!,,#REF!,
,CI,,,,,,#REF!,#REF!,#REF!,,#REF!,
,CINF,,,,,,#REF!,#REF!,#REF!,,#REF!,
,CL,,,,,,#REF!,#REF!,#REF!,,#REF!,
,CLX,,,,,,#REF!,#REF!,#REF!,,#REF!,
,CMCSA,,,,,,#REF!,#REF!,#REF!,,#REF!,
,CME,,,,,,#REF!,#REF!,#REF!,,#REF!,
,CMG,,,,,,#REF!,#REF!,#REF!,,#REF!,
,CMI,,,,,,#REF!,#REF!,#REF!,,#REF!,
,CMS,,,,,,#REF!,#REF!,#REF!,,#REF!,
,CNC,,,,,,#REF!,#REF!,#REF!,,#REF!,
,CNP,,,,,,#REF!,#REF!,#REF!,,#REF!,
,COF,,,,,,#REF!,#REF!,#REF!,,#REF!,
,COO,,,,,,#REF!,#REF!,#REF!,,#REF!,
,COP,,,,,,#REF!,#REF!,#REF!,,#REF!,
,COR,,,,,,#REF!,#REF!,#REF!,,#REF!,
,COST,,,,,,#REF!,#REF!,#REF!,,#REF!,
,CPAY,,,,,,#REF!,#REF!,#REF!,,#REF!,
,CPB,,,,,,#REF!,#REF!,#REF!,,#REF!,
,CPRT,,,,,,#REF!,#REF!,#REF!,,#REF!,
,CPT,,,,,,#REF!,#REF!,#REF!,,#REF!,
,CRL,,,,,,#REF!,#REF!,#REF!,,#REF!,
,CRM,,,,,,#REF!,#REF!,#REF!,,#REF!,
,CRWD,,,,,,#REF!,#REF!,#REF!,,#REF!,
,CSCO,,,,,,#REF!,#REF!,#REF!,,#REF!,
,CSGP,,,,,,#REF!,#REF!,#REF!,,#REF!,
,CSX,,,,,,#REF!,#REF!,#REF!,,#REF!,
,CTAS,,,,,,#REF!,#REF!,#REF!,,#REF!,
,CTLT,,,,,,#REF!,#REF!,#REF!,,#REF!,
,CTRA,,,,,,#REF!,#REF!,#REF!,,#REF!,
,CTSH,,,,,,#REF!,#REF!,#REF!,,#REF!,
,CTVA,,,,,,#REF!,#REF!,#REF!,,#REF!,
,CVS,,,,,,#REF!,#REF!,#REF!,,#REF!,
,CVX,,,,,,#REF!,#REF!,#REF!,,#REF!,
,CZR,,,,,,#REF!,#REF!,#REF!,,#REF!,
,D,,,,,,#REF!,#REF!,#REF!,,#REF!,
,DAL,,,,,,#REF!,#REF!,#REF!,,#REF!,
,DAY,,,,,,#REF!,#REF!,#REF!,,#REF!,
,DD,,,,,,#REF!,#REF!,#REF!,,#REF!,
,DE,,,,,,#REF!,#REF!,#REF!,,#REF!,
,DECK,,,,,,#REF!,#REF!,#REF!,,#REF!,
,DFS,,,,,,#REF!,#REF!,#REF!,,#REF!,
,DG,,,,,,#REF!,#REF!,#REF!,,#REF!,
,DGX,,,,,,#REF!,#REF!,#REF!,,#REF!,
,DHI,,,,,,#REF!,#REF!,#REF!,,#REF!,
,DHR,,,,,,#REF!,#REF!,#REF!,,#REF!,
,DIS,,,,,,#REF!,#REF!,#REF!,,#REF!,
,DLR,,,,,,#REF!,#REF!,#REF!,,#REF!,
,DLTR,,,,,,#REF!,#REF!,#REF!,,#REF!,
,DOC,,,,,,#REF!,#REF!,#REF!,,#REF!,
,DOV,,,,,,#REF!,#REF!,#REF!,,#REF!,
,DOW,,,,,,#REF!,#REF!,#REF!,,#REF!,
,DPZ,,,,,,#REF!,#REF!,#REF!,,#REF!,
,DRI,,,,,,#REF!,#REF!,#REF!,,#REF!,
,DTE,,,,,,#REF!,#REF!,#REF!,,#REF!,
,DUK,,,,,,#REF!,#REF!,#REF!,,#REF!,
,DVA,,,,,,#REF!,#REF!,#REF!,,#REF!,
,DVN,,,,,,#REF!,#REF!,#REF!,,#REF!,
,DXCM,,,,,,#REF!,#REF!,#REF!,,#REF!,
,EA,,,,,,#REF!,#REF!,#REF!,,#REF!,
,EBAY,,,,,,#REF!,#REF!,#REF!,,#REF!,
,ECL,,,,,,#REF!,#REF!,#REF!,,#REF!,
,ED,,,,,,#REF!,#REF!,#REF!,,#REF!,
,EFX,,,,,,#REF!,#REF!,#REF!,,#REF!,
,EG,,,,,,#REF!,#REF!,#REF!,,#REF!,
,EIX,,,,,,#REF!,#REF!,#REF!,,#REF!,
,EL,,,,,,#REF!,#REF!,#REF!,,#REF!,
,ELV,,,,,,#REF!,#REF!,#REF!,,#REF!,
,EMN,,,,,,#REF!,#REF!,#REF!,,#REF!,
,EMR,,,,,,#REF!,#REF!,#REF!,,#REF!,
,ENPH,,,,,,#REF!,#REF!,#REF!,,#REF!,
,EOG,,,,,,#REF!,#REF!,#REF!,,#REF!,
,EPAM,,,,,,#REF!,#REF!,#REF!,,#REF!,
,EQIX,,,,,,#REF!,#REF!,#REF!,,#REF!,
,EQR,,,,,,#REF!,#REF!,#REF!,,#REF!,
,EQT,,,,,,#REF!,#REF!,#REF!,,#REF!,
,ES,,,,,,#REF!,#REF!,#REF!,,#REF!,
,ESS,,,,,,#REF!,#REF!,#REF!,,#REF!,
,ETN,,,,,,#REF!,#REF!,#REF!,,#REF!,
,ETR,,,,,,#REF!,#REF!,#REF!,,#REF!,
,ETSY,,,,,,#REF!,#REF!,#REF!,,#REF!,
,EVRG,,,,,,#REF!,#REF!,#REF!,,#REF!,
,EW,,,,,,#REF!,#REF!,#REF!,,#REF!,
,EXC,,,,,,#REF!,#REF!,#REF!,,#REF!,
,EXPD,,,,,,#REF!,#REF!,#REF!,,#REF!,
,EXPE,,,,,,#REF!,#REF!,#REF!,,#REF!,
,EXR,,,,,,#REF!,#REF!,#REF!,,#REF!,
,F,,,,,,#REF!,#REF!,#REF!,,#REF!,
,FANG,,,,,,#REF!,#REF!,#REF!,,#REF!,
,FAST,,,,,,#REF!,#REF!,#REF!,,#REF!,
,FCX,,,,,,#REF!,#REF!,#REF!,,#REF!,
,FDS,,,,,,#REF!,#REF!,#REF!,,#REF!,
,FDX,,,,,,#REF!,#REF!,#REF!,,#REF!,
,FE,,,,,,#REF!,#REF!,#REF!,,#REF!,
,FFIV,,,,,,#REF!,#REF!,#REF!,,#REF!,
,FI,,,,,,#REF!,#REF!,#REF!,,#REF!,
,FICO,,,,,,#REF!,#REF!,#REF!,,#REF!,
,FIS,,,,,,#REF!,#REF!,#REF!,,#REF!,
,FITB,,,,,,#REF!,#REF!,#REF!,,#REF!,
,FMC,,,,,,#REF!,#REF!,#REF!,,#REF!,
,FOXA,,,,,,#REF!,#REF!,#REF!,,#REF!,
,FRT,,,,,,#REF!,#REF!,#REF!,,#REF!,
,FSLR,,,,,,#REF!,#REF!,#REF!,,#REF!,
,FTNT,,,,,,#REF!,#REF!,#REF!,,#REF!,
,FTV,,,,,,#REF!,#REF!,#REF!,,#REF!,
,GD,,,,,,#REF!,#REF!,#REF!,,#REF!,
,GDDY,,,,,,#REF!,#REF!,#REF!,,#REF!,
,GE,,,,,,#REF!,#REF!,#REF!,,#REF!,
,GEHC,,,,,,#REF!,#REF!,#REF!,,#REF!,
,GEN,,,,,,#REF!,#REF!,#REF!,,#REF!,
,GEV,,,,,,#REF!,#REF!,#REF!,,#REF!,
,GILD,,,,,,#REF!,#REF!,#REF!,,#REF!,
,GIS,,,,,,#REF!,#REF!,#REF!,,#REF!,
,GL,,,,,,#REF!,#REF!,#REF!,,#REF!,
,GLW,,,,,,#REF!,#REF!,#REF!,,#REF!,
,GM,,,,,,#REF!,#REF!,#REF!,,#REF!,
,GNRC,,,,,,#REF!,#REF!,#REF!,,#REF!,
,GOOGL,,,,,,#REF!,#REF!,#REF!,,#REF!,
,GPC,,,,,,#REF!,#REF!,#REF!,,#REF!,
,GPN,,,,,,#REF!,#REF!,#REF!,,#REF!,
,GRMN,,,,,,#REF!,#REF!,#REF!,,#REF!,
,GS,,,,,,#REF!,#REF!,#REF!,,#REF!,
,GWW,,,,,,#REF!,#REF!,#REF!,,#REF!,
,HAL,,,,,,#REF!,#REF!,#REF!,,#REF!,
,HAS,,,,,,#REF!,#REF!,#REF!,,#REF!,
,HBAN,,,,,,#REF!,#REF!,#REF!,,#REF!,
,HCA,,,,,,#REF!,#REF!,#REF!,,#REF!,
,HD,,,,,,#REF!,#REF!,#REF!,,#REF!,
,HES,,,,,,#REF!,#REF!,#REF!,,#REF!,
,HIG,,,,,,#REF!,#REF!,#REF!,,#REF!,
,HII,,,,,,#REF!,#REF!,#REF!,,#REF!,
,HLT,,,,,,#REF!,#REF!,#REF!,,#REF!,
,HOLX,,,,,,#REF!,#REF!,#REF!,,#REF!,
,HON,,,,,,#REF!,#REF!,#REF!,,#REF!,
,HPE,,,,,,#REF!,#REF!,#REF!,,#REF!,
,HPQ,,,,,,#REF!,#REF!,#REF!,,#REF!,
,HRL,,,,,,#REF!,#REF!,#REF!,,#REF!,
,HSIC,,,,,,#REF!,#REF!,#REF!,,#REF!,
,HST,,,,,,#REF!,#REF!,#REF!,,#REF!,
,HSY,,,,,,#REF!,#REF!,#REF!,,#REF!,
,HUBB,,,,,,#REF!,#REF!,#REF!,,#REF!,
,HUM,,,,,,#REF!,#REF!,#REF!,,#REF!,
,HWM,,,,,,#REF!,#REF!,#REF!,,#REF!,
,IBM,,,,,,#REF!,#REF!,#REF!,,#REF!,
,ICE,,,,,,#REF!,#REF!,#REF!,,#REF!,
,IDXX,,,,,,#REF!,#REF!,#REF!,,#REF!,
,IEX,,,,,,#REF!,#REF!,#REF!,,#REF!,
,IFF,,,,,,#REF!,#REF!,#REF!,,#REF!,
,INCY,,,,,,#REF!,#REF!,#REF!,,#REF!,
,INTC,,,,,,#REF!,#REF!,#REF!,,#REF!,
,INTU,,,,,,#REF!,#REF!,#REF!,,#REF!,
,INVH,,,,,,#REF!,#REF!,#REF!,,#REF!,
,IP,,,,,,#REF!,#REF!,#REF!,,#REF!,
,IPG,,,,,,#REF!,#REF!,#REF!,,#REF!,
,IQV,,,,,,#REF!,#REF!,#REF!,,#REF!,
,IR,,,,,,#REF!,#REF!,#REF!,,#REF!,
,IRM,,,,,,#REF!,#REF!,#REF!,,#REF!,
,ISRG,,,,,,#REF!,#REF!,#REF!,,#REF!,
,IT,,,,,,#REF!,#REF!,#REF!,,#REF!,
,ITW,,,,,,#REF!,#REF!,#REF!,,#REF!,
,IVZ,,,,,,#REF!,#REF!,#REF!,,#REF!,
,J,,,,,,#REF!,#REF!,#REF!,,#REF!,
,JBHT,,,,,,#REF!,#REF!,#REF!,,#REF!,
,JBL,,,,,,#REF!,#REF!,#REF!,,#REF!,
,JCI,,,,,,#REF!,#REF!,#REF!,,#REF!,
,JKHY,,,,,,#REF!,#REF!,#REF!,,#REF!,
,JNJ,,,,,,#REF!,#REF!,#REF!,,#REF!,
,JNPR,,,,,,#REF!,#REF!,#REF!,,#REF!,
,JPM,,,,,,#REF!,#REF!,#REF!,,#REF!,
,K,,,,,,#REF!,#REF!,#REF!,,#REF!,
,KDP,,,,,,#REF!,#REF!,#REF!,,#REF!,
,KEY,,,,,,#REF!,#REF!,#REF!,,#REF!,
,KEYS,,,,,,#REF!,#REF!,#REF!,,#REF!,
,KHC,,,,,,#REF!,#REF!,#REF!,,#REF!,
,KIM,,,,,,#REF!,#REF!,#REF!,,#REF!,
,KKR,,,,,,#REF!,#REF!,#REF!,,#REF!,
,KLAC,,,,,,#REF!,#REF!,#REF!,,#REF!,
,KMB,,,,,,#REF!,#REF!,#REF!,,#REF!,
,KMI,,,,,,#REF!,#REF!,#REF!,,#REF!,
,KMX,,,,,,#REF!,#REF!,#REF!,,#REF!,
,KO,,,,,,#REF!,#REF!,#REF!,,#REF!,
,KR,,,,,,#REF!,#REF!,#REF!,,#REF!,
,KVUE,,,,,,#REF!,#REF!,#REF!,,#REF!,
,L,,,,,,#REF!,#REF!,#REF!,,#REF!,
,LDOS,,,,,,#REF!,#REF!,#REF!,,#REF!,
,LEN,,,,,,#REF!,#REF!,#REF!,,#REF!,
,LH,,,,,,#REF!,#REF!,#REF!,,#REF!,
,LHX,,,,,,#REF!,#REF!,#REF!,,#REF!,
,LIN,,,,,,#REF!,#REF!,#REF!,,#REF!,
,LKQ,,,,,,#REF!,#REF!,#REF!,,#REF!,
,LLY,,,,,,#REF!,#REF!,#REF!,,#REF!,
,LMT,,,,,,#REF!,#REF!,#REF!,,#REF!,
,LNT,,,,,,#REF!,#REF!,#REF!,,#REF!,
,LOW,,,,,,#REF!,#REF!,#REF!,,#REF!,
,LRCX,,,,,,#REF!,#REF!,#REF!,,#REF!,
,LULU,,,,,,#REF!,#REF!,#REF!,,#REF!,
,LUV,,,,,,#REF!,#REF!,#REF!,,#REF!,
,LVS,,,,,,#REF!,#REF!,#REF!,,#REF!,
,LW,,,,,,#REF!,#REF!,#REF!,,#REF!,
,LYB,,,,,,#REF!,#REF!,#REF!,,#REF!,
,LYV,,,,,,#REF!,#REF!,#REF!,,#REF!,
,MA,,,,,,#REF!,#REF!,#REF!,,#REF!,
,MAA,,,,,,#REF!,#REF!,#REF!,,#REF!,
,MAR,,,,,,#REF!,#REF!,#REF!,,#REF!,
,MAS,,,,,,#REF!,#REF!,#REF!,,#REF!,
,MCD,,,,,,#REF!,#REF!,#REF!,,#REF!,
,MCHP,,,,,,#REF!,#REF!,#REF!,,#REF!,
,MCK,,,,,,#REF!,#REF!,#REF!,,#REF!,
,MCO,,,,,,#REF!,#REF!,#REF!,,#REF!,
,MDLZ,,,,,,#REF!,#REF!,#REF!,,#REF!,
,MDT,,,,,,#REF!,#REF!,#REF!,,#REF!,
,MET,,,,,,#REF!,#REF!,#REF!,,#REF!,
,META,,,,,,#REF!,#REF!,#REF!,,#REF!,
,MGM,,,,,,#REF!,#REF!,#REF!,,#REF!,
,MHK,,,,,,#REF!,#REF!,#REF!,,#REF!,
,MKC,,,,,,#REF!,#REF!,#REF!,,#REF!,
,MKTX,,,,,,#REF!,#REF!,#REF!,,#REF!,
,MLM,,,,,,#REF!,#REF!,#REF!,,#REF!,
,MMC,,,,,,#REF!,#REF!,#REF!,,#REF!,
,MMM,163.1,,,,,#REF!,#REF!,#REF!,,#REF!,
,MNST,,,,,,#REF!,#REF!,#REF!,,#REF!,
,MO,,,,,,#REF!,#REF!,#REF!,,#REF!,
,MOH,,,,,,#REF!,#REF!,#REF!,,#REF!,
,MOS,,,,,,#REF!,#REF!,#REF!,,#REF!,
,MPC,,,,,,#REF!,#REF!,#REF!,,#REF!,
,MPWR,,,,,,#REF!,#REF!,#REF!,,#REF!,
,MRK,,,,,,#REF!,#REF!,#REF!,,#REF!,
,MRNA,,,,,,#REF!,#REF!,#REF!,,#REF!,
,MRO,,,,,,#REF!,#REF!,#REF!,,#REF!,
,MS,,,,,,#REF!,#REF!,#REF!,,#REF!,
,MSCI,,,,,,#REF!,#REF!,#REF!,,#REF!,
,MSFT,,,,,,#REF!,#REF!,#REF!,,#REF!,
,MSI,,,,,,#REF!,#REF!,#REF!,,#REF!,
,MTB,,,,,,#REF!,#REF!,#REF!,,#REF!,
,MTCH,,,,,,#REF!,#REF!,#REF!,,#REF!,
,MTD,,,,,,#REF!,#REF!,#REF!,,#REF!,
,MU,,,,,,#REF!,#REF!,#REF!,,#REF!,
,NCLH,,,,,,#REF!,#REF!,#REF!,,#REF!,
,NDAQ,,,,,,#REF!,#REF!,#REF!,,#REF!,
,NDSN,,,,,,#REF!,#REF!,#REF!,,#REF!,
,NEE,,,,,,#REF!,#REF!,#REF!,,#REF!,
,NEM,,,,,,#REF!,#REF!,#REF!,,#REF!,
,NFLX,,,,,,#REF!,#REF!,#REF!,,#REF!,
,NI,,,,,,#REF!,#REF!,#REF!,,#REF!,
,NKE,,,,,,#REF!,#REF!,#REF!,,#REF!,
,NOC,,,,,,#REF!,#REF!,#REF!,,#REF!,
,NOW,,,,,,#REF!,#REF!,#REF!,,#REF!,
,NRG,,,,,,#REF!,#REF!,#REF!,,#REF!,
,NSC,,,,,,#REF!,#REF!,#REF!,,#REF!,
,NTAP,,,,,,#REF!,#REF!,#REF!,,#REF!,
,NTRS,,,,,,#REF!,#REF!,#REF!,,#REF!,
,NUE,,,,,,#REF!,#REF!,#REF!,,#REF!,
,NVDA,,,,,,#REF!,#REF!,#REF!,,#REF!,
,NVR,,,,,,#REF!,#REF!,#REF!,,#REF!,
,NWSA,,,,,,#REF!,#REF!,#REF!,,#REF!,
,NXPI,,,,,,#REF!,#REF!,#REF!,,#REF!,
,O,,,,,,#REF!,#REF!,#REF!,,#REF!,
,ODFL,,,,,,#REF!,#REF!,#REF!,,#REF!,
,OKE,,,,,,#REF!,#REF!,#REF!,,#REF!,
,OMC,,,,,,#REF!,#REF!,#REF!,,#REF!,
,ON,,,,,,#REF!,#REF!,#REF!,,#REF!,
,ORCL,,,,,,#REF!,#REF!,#REF!,,#REF!,
,ORLY,,,,,,#REF!,#REF!,#REF!,,#REF!,
,OTIS,,,,,,#REF!,#REF!,#REF!,,#REF!,
,OXY,,,,,,#REF!,#REF!,#REF!,,#REF!,
,PANW,,,,,,#REF!,#REF!,#REF!,,#REF!,
,PARA,,,,,,#REF!,#REF!,#REF!,,#REF!,
,PAYC,,,,,,#REF!,#REF!,#REF!,,#REF!,
,PAYX,,,,,,#REF!,#REF!,#REF!,,#REF!,
,PCAR,,,,,,#REF!,#REF!,#REF!,,#REF!,
,PCG,,,,,,#REF!,#REF!,#REF!,,#REF!,
,PEG,,,,,,#REF!,#REF!,#REF!,,#REF!,
,PEP,,,,,,#REF!,#REF!,#REF!,,#REF!,
,PFE,,,,,,#REF!,#REF!,#REF!,,#REF!,
,PFG,,,,,,#REF!,#REF!,#REF!,,#REF!,
,PG,,,,,,#REF!,#REF!,#REF!,,#REF!,
,PGR,,,,,,#REF!,#REF!,#REF!,,#REF!,
,PH,,,,,,#REF!,#REF!,#REF!,,#REF!,
,PHM,,,,,,#REF!,#REF!,#REF!,,#REF!,
,PKG,,,,,,#REF!,#REF!,#REF!,,#REF!,
,PLD,,,,,,#REF!,#REF!,#REF!,,#REF!,
,PM,,,,,,#REF!,#REF!,#REF!,,#REF!,
,PNC,,,,,,#REF!,#REF!,#REF!,,#REF!,
,PNR,,,,,,#REF!,#REF!,#REF!,,#REF!,
,PNW,,,,,,#REF!,#REF!,#REF!,,#REF!,
,PODD,,,,,,#REF!,#REF!,#REF!,,#REF!,
,POOL,,,,,,#REF!,#REF!,#REF!,,#REF!,
,PPG,,,,,,#REF!,#REF!,#REF!,,#REF!,
,PPL,,,,,,#REF!,#REF!,#REF!,,#REF!,
,PRU,,,,,,#REF!,#REF!,#REF!,,#REF!,
,PSA,,,,,,#REF!,#REF!,#REF!,,#REF!,
,PSX,,,,,,#REF!,#REF!,#REF!,,#REF!,
,PTC,,,,,,#REF!,#REF!,#REF!,,#REF!,
,PWR,,,,,,#REF!,#REF!,#REF!,,#REF!,
,PYPL,,,,,,#REF!,#REF!,#REF!,,#REF!,
,QCOM,,,,,,#REF!,#REF!,#REF!,,#REF!,
,QRVO,,,,,,#REF!,#REF!,#REF!,,#REF!,
,RCL,,,,,,#REF!,#REF!,#REF!,,#REF!,
,REG,,,,,,#REF!,#REF!,#REF!,,#REF!,
,REGN,,,,,,#REF!,#REF!,#REF!,,#REF!,
,RF,,,,,,#REF!,#REF!,#REF!,,#REF!,
,RJF,,,,,,#REF!,#REF!,#REF!,,#REF!,
,RL,,,,,,#REF!,#REF!,#REF!,,#REF!,
,RMD,,,,,,#REF!,#REF!,#REF!,,#REF!,
,ROK,,,,,,#REF!,#REF!,#REF!,,#REF!,
,ROL,,,,,,#REF!,#REF!,#REF!,,#REF!,
,ROP,,,,,,#REF!,#REF!,#REF!,,#REF!,
,ROST,,,,,,#REF!,#REF!,#REF!,,#REF!,
,RSG,,,,,,#REF!,#REF!,#REF!,,#REF!,
,RTX,,,,,,#REF!,#REF!,#REF!,,#REF!,
,RVTY,,,,,,#REF!,#REF!,#REF!,,#REF!,
,SBAC,,,,,,#REF!,#REF!,#REF!,,#REF!,
,SBUX,,,,,,#REF!,#REF!,#REF!,,#REF!,
,SCHW,,,,,,#REF!,#REF!,#REF!,,#REF!,
,SHW,,,,,,#REF!,#REF!,#REF!,,#REF!,
,SJM,,,,,,#REF!,#REF!,#REF!,,#REF!,
,SLB,,,,,,#REF!,#REF!,#REF!,,#REF!,
,SMCI,,,,,,#REF!,#REF!,#REF!,,#REF!,
,SNA,,,,,,#REF!,#REF!,#REF!,,#REF!,
,SNPS,,,,,,#REF!,#REF!,#REF!,,#REF!,
,SO,,,,,,#REF!,#REF!,#REF!,,#REF!,
,SOLV,,,,,,#REF!,#REF!,#REF!,,#REF!,
,SPG,,,,,,#REF!,#REF!,#REF!,,#REF!,
,SPGI,,,,,,#REF!,#REF!,#REF!,,#REF!,
,SRE,,,,,,#REF!,#REF!,#REF!,,#REF!,
,STE,,,,,,#REF!,#REF!,#REF!,,#REF!,
,STLD,,,,,,#REF!,#REF!,#REF!,,#REF!,
,STT,,,,,,#REF!,#REF!,#REF!,,#REF!,
,STX,,,,,,#REF!,#REF!,#REF!,,#REF!,
,STZ,,,,,,#REF!,#REF!,#REF!,,#REF!,
,SW,,,,,,#REF!,#REF!,#REF!,,#REF!,
,SWK,,,,,,#REF!,#REF!,#REF!,,#REF!,
,SWKS,,,,,,#REF!,#REF!,#REF!,,#REF!,
,SYF,,,,,,#REF!,#REF!,#REF!,,#REF!,
,SYK,,,,,,#REF!,#REF!,#REF!,,#REF!,
,SYY,,,,,,#REF!,#REF!,#REF!,,#REF!,
,T,,,,,,#REF!,#REF!,#REF!,,#REF!,
,TAP,,,,,,#REF!,#REF!,#REF!,,#REF!,
,TDG,,,,,,#REF!,#REF!,#REF!,,#REF!,
,TDY,,,,,,#REF!,#REF!,#REF!,,#REF!,
,TECH,,,,,,#REF!,#REF!,#REF!,,#REF!,
,TEL,,,,,,#REF!,#REF!,#REF!,,#REF!,
,TER,,,,,,#REF!,#REF!,#REF!,,#REF!,
,TFC,,,,,,#REF!,#REF!,#REF!,,#REF!,
,TFX,,,,,,#REF!,#REF!,#REF!,,#REF!,
,TGT,,,,,,#REF!,#REF!,#REF!,,#REF!,
,TJX,,,,,,#REF!,#REF!,#REF!,,#REF!,
,TMO,,,,,,#REF!,#REF!,#REF!,,#REF!,
,TMUS,,,,,,#REF!,#REF!,#REF!,,#REF!,
,TPR,,,,,,#REF!,#REF!,#REF!,,#REF!,
,TRGP,,,,,,#REF!,#REF!,#REF!,,#REF!,
,TRMB,,,,,,#REF!,#REF!,#REF!,,#REF!,
,TROW,,,,,,#REF!,#REF!,#REF!,,#REF!,
,TRV,,,,,,#REF!,#REF!,#REF!,,#REF!,
,TSCO,,,,,,#REF!,#REF!,#REF!,,#REF!,
,TSLA,,,,,,#REF!,#REF!,#REF!,,#REF!,
,TSN,,,,,,#REF!,#REF!,#REF!,,#REF!,
,TT,,,,,,#REF!,#REF!,#REF!,,#REF!,
,TTWO,,,,,,#REF!,#REF!,#REF!,,#REF!,
,TXN,,,,,,#REF!,#REF!,#REF!,,#REF!,
,TXT,,,,,,#REF!,#REF!,#REF!,,#REF!,
,TYL,,,,,,#REF!,#REF!,#REF!,,#REF!,
,UAL,,,,,,#REF!,#REF!,#REF!,,#REF!,
,UBER,,,,,,#REF!,#REF!,#REF!,,#REF!,
,UDR,,,,,,#REF!,#REF!,#REF!,,#REF!,
,UHS,,,,,,#REF!,#REF!,#REF!,,#REF!,
,ULTA,,,,,,#REF!,#REF!,#REF!,,#REF!,
,UNH,,,,,,#REF!,#REF!,#REF!,,#REF!,
,UNP,,,,,,#REF!,#REF!,#REF!,,#REF!,
,UPS,,,,,,#REF!,#REF!,#REF!,,#REF!,
,URI,,,,,,#REF!,#REF!,#REF!,,#REF!,
,USB,,,,,,#REF!,#REF!,#REF!,,#REF!,
,V,,,,,,#REF!,#REF!,#REF!,,#REF!,
,VICI,,,,,,#REF!,#REF!,#REF!,,#REF!,
,VLO,,,,,,#REF!,#REF!,#REF!,,#REF!,
,VLTO,,,,,,#REF!,#REF!,#REF!,,#REF!,
,VMC,,,,,,#REF!,#REF!,#REF!,,#REF!,
,VRSK,,,,,,#REF!,#REF!,#REF!,,#REF!,
,VRSN,,,,,,#REF!,#REF!,#REF!,,#REF!,
,VRTX,,,,,,#REF!,#REF!,#REF!,,#REF!,
,VST,,,,,,#REF!,#REF!,#REF!,,#REF!,
,VTR,,,,,,#REF!,#REF!,#REF!,,#REF!,
,VTRS,,,,,,#REF!,#REF!,#REF!,,#REF!,
,VZ,,,,,,#REF!,#REF!,#REF!,,#REF!,
,WAB,,,,,,#REF!,#REF!,#REF!,,#REF!,
,WAT,,,,,,#REF!,#REF!,#REF!,,#REF!,
,WBA,,,,,,#REF!,#REF!,#REF!,,#REF!,
,WBD,,,,,,#REF!,#REF!,#REF!,,#REF!,
,WDC,,,,,,#REF!,#REF!,#REF!,,#REF!,
,WEC,,,,,,#REF!,#REF!,#REF!,,#REF!,
,WELL,,,,,,#REF!,#REF!,#REF!,,#REF!,
,WFC,,,,,,#REF!,#REF!,#REF!,,#REF!,
,WM,,,,,,#REF!,#REF!,#REF!,,#REF!,
,WMB,,,,,,#REF!,#REF!,#REF!,,#REF!,
,WMT,,,,,,#REF!,#REF!,#REF!,,#REF!,
,WRB,,,,,,#REF!,#REF!,#REF!,,#REF!,
,WST,,,,,,#REF!,#REF!,#REF!,,#REF!,
,WTW,,,,,,#REF!,#REF!,#REF!,,#REF!,
,WY,,,,,,#REF!,#REF!,#REF!,,#REF!,
,WYNN,,,,,,#REF!,#REF!,#REF!,,#REF!,
,XEL,,,,,,#REF!,#REF!,#REF!,,#REF!,
,XOM,,,,,,#REF!,#REF!,#REF!,,#REF!,
,XYL,,,,,,#REF!,#REF!,#REF!,,#REF!,
,YUM,,,,,,#REF!,#REF!,#REF!,,#REF!,
,ZBH,,,,,,#REF!,#REF!,#REF!,,#REF!,
,ZBRA,,,,,,#REF!,#REF!,#REF!,,#REF!,
,ZTS,,,,,,#REF!,#REF!,#REF!,,#REF!,